[2026-01-03T11:13:02.532] [DEBUG] debug-file - env: nodejsVersion=v18.20.1
[2026-01-03T11:13:02.673] [DEBUG] debug-file - Hvigor init with startParameters:{
  hvigorfileTypeCheck: false,
  parallelExecution: true,
  incrementalExecution: true,
  printStackTrace: false,
  daemon: false,
  analyze: 0,
  logLevel: Level { level: 20000, levelStr: 'INFO', colour: 'green' },
  optimizationStrategy: 'memory',
  hotCompile: undefined,
  hotReloadBuild: undefined
}
[2026-01-03T11:13:03.243] [DEBUG] debug-file - hvigorfile, require result:  { default: { system: [Function: appTasks], plugins: [] } }
[2026-01-03T11:13:03.312] [DEBUG] debug-file - Start initialize project's product build option map with build mode debug.
[2026-01-03T11:13:03.313] [DEBUG] debug-file - Obtain build option for product 'default'in this build.
[2026-01-03T11:13:03.317] [DEBUG] debug-file - Start recording SDK configuration permission data.
[2026-01-03T11:13:03.335] [DEBUG] debug-file - Project task initialization takes 2 ms 
[2026-01-03T11:13:03.343] [DEBUG] debug-file - Start initialize module-target build option map, moduleName=entry, buildMode=release
[2026-01-03T11:13:03.367] [DEBUG] debug-file - Start to initialize dependency information.
[2026-01-03T11:13:03.371] [DEBUG] debug-file - entry : clean cost memory 0.10520172119140625
[2026-01-03T11:13:03.346] [DEBUG] debug-file - hvigorfile, resolving /Users/guosj-mac-mini/Documents/github_repos/dash-fire-and-ice/Demo_Run/tuanjieLib/hvigorfile.ts
[2026-01-03T11:13:02.533] [DEBUG] debug-file - env: hvigor-config.json5 content = {
  modelVersion: '5.1.0',
  dependencies: {},
  execution: {},
  logging: {},
  debugging: {},
  nodeOptions: {}
}
[2026-01-03T11:13:02.673] [DEBUG] debug-file - Since current hvigor version 6.21.1 differs from last hvigor version 
      undefined, delete file-cache.json and task-cache.json.
[2026-01-03T11:13:03.378] [DEBUG] debug-file - Create  resident worker with id: 0.
[2026-01-03T11:13:03.243] [DEBUG] debug-file - hvigorfile, binding system plugins [Function: appTasks]
[2026-01-03T11:13:03.314] [DEBUG] debug-file - No signingConfig found, initRemoteHspCache failed.
[2026-01-03T11:13:03.312] [DEBUG] debug-file - Picking option from product 'default' with build mode 'debug'.
[2026-01-03T11:13:03.335] [DEBUG] debug-file - hvigorfile, binding custom plugins []
[2026-01-03T11:13:03.343] [DEBUG] debug-file - Target 'default' config initialized
[2026-01-03T11:13:03.368] [DEBUG] debug-file - Module entry Collected Dependency: /Users/guosj-mac-mini/Documents/github_repos/dash-fire-and-ice/Demo_Run/tuanjieLib
[2026-01-03T11:13:03.371] [DEBUG] debug-file - runTaskFromQueue task cost before running: 701 ms 
[2026-01-03T11:13:03.348] [DEBUG] debug-file - hvigorfile, require result:  { harTasks: [Getter] }
[2026-01-03T11:13:03.334] [DEBUG] debug-file - Sdk init in 20 ms 
[2026-01-03T11:13:02.533] [DEBUG] debug-file - env: daemon=false
[2026-01-03T11:13:02.673] [DEBUG] debug-file - Cache service initialization finished in 1 ms 
[2026-01-03T11:13:03.379] [DEBUG] debug-file - Create  resident worker with id: 1.
[2026-01-03T11:13:03.314] [DEBUG] debug-file - Local scan or download HarmonyOS sdk components toolchains,ets,js,native,previewer
[2026-01-03T11:13:03.312] [DEBUG] debug-file - Product 'default' build option initialized
[2026-01-03T11:13:03.336] [DEBUG] debug-file - hvigorfile, no custom plugins were found in /Users/guosj-mac-mini/Documents/github_repos/dash-fire-and-ice/Demo_Run/hvigorfile.ts
[2026-01-03T11:13:03.343] [DEBUG] debug-file - Module 'entry' target 'default' build option initialized
[2026-01-03T11:13:03.368] [DEBUG] debug-file - Module entry's total dependency: 1
[2026-01-03T11:13:03.372] [INFO] debug-file - Finished :entry:clean... after 1 ms 
[2026-01-03T11:13:03.348] [DEBUG] debug-file - hvigorfile, binding system plugins { harTasks: [Getter] }
[2026-01-03T11:13:02.533] [DEBUG] debug-file - no-daemon, use the parent process.execArgv --max-old-space-size=8192,--max-semi-space-size=16,--expose-gc
[2026-01-03T11:13:02.674] [DEBUG] debug-file - hvigorfile, resolving /Users/guosj-mac-mini/Documents/github_repos/dash-fire-and-ice/Demo_Run/hvigorfile.ts
[2026-01-03T11:13:03.379] [DEBUG] debug-file - Current worker pool is stopped or closed.
[2026-01-03T11:13:03.316] [DEBUG] debug-file - Local scan or download hmscore sdk components toolchains,ets,native
[2026-01-03T11:13:03.312] [DEBUG] debug-file - End initialize project's product build option map with build mode 'debug'.
[2026-01-03T11:13:03.336] [DEBUG] debug-file - hvigorfile, resolve finished /Users/guosj-mac-mini/Documents/github_repos/dash-fire-and-ice/Demo_Run/hvigorfile.ts
[2026-01-03T11:13:03.343] [DEBUG] debug-file - End initialize module-target build option map, moduleName=entry
[2026-01-03T11:13:03.369] [DEBUG] debug-file - Start to initialize dependency information.
[2026-01-03T11:13:03.372] [DEBUG] debug-file - Executing task :tuanjieLib:clean
[2026-01-03T11:13:03.348] [DEBUG] debug-file - failed to load cangjie to dynamically generate schemas: Error: Cannot find module '@ohos/cangjie-build-support/index'
Require stack:
- /Applications/DevEco-Studio.app/Contents/tools/hvigor/hvigor-ohos-plugin/src/plugin/factory/plugin-factory.js
- /Applications/DevEco-Studio.app/Contents/tools/hvigor/hvigor-ohos-plugin/index.js
- /Users/guosj-mac-mini/Documents/github_repos/dash-fire-and-ice/Demo_Run/hvigorfile.ts
- /Applications/DevEco-Studio.app/Contents/tools/hvigor/hvigor/src/base/internal/lifecycle/configuration.js
- /Applications/DevEco-Studio.app/Contents/tools/hvigor/hvigor/src/base/boot/index.js
- /Applications/DevEco-Studio.app/Contents/tools/hvigor/hvigor/src/cli/main/cli.js
- /Applications/DevEco-Studio.app/Contents/tools/hvigor/hvigor/bin/hvigor.js
[2026-01-03T11:13:03.380] [DEBUG] debug-file - Clear worker 0.
[2026-01-03T11:13:03.336] [DEBUG] debug-file - hvigorfile, resolving /Users/guosj-mac-mini/Documents/github_repos/dash-fire-and-ice/Demo_Run/entry/hvigorfile.ts
[2026-01-03T11:13:03.344] [DEBUG] debug-file - Start initialize module-target build option map, moduleName=entry, buildMode=debug
[2026-01-03T11:13:03.369] [DEBUG] debug-file - Module tuanjieLib Collected Dependency: 
[2026-01-03T11:13:03.372] [DEBUG] debug-file - clean: Worker pool is inactive.
[2026-01-03T11:13:03.363] [DEBUG] debug-file - Start initialize module-target build option map, moduleName=tuanjieLib, buildMode=release
[2026-01-03T11:13:03.380] [DEBUG] debug-file - Worker 0 has been cleared.
[2026-01-03T11:13:03.339] [DEBUG] debug-file - hvigorfile, require result:  { hapTasks: [Getter] }
[2026-01-03T11:13:03.344] [DEBUG] debug-file - Target 'default' config initialized
[2026-01-03T11:13:03.369] [DEBUG] debug-file - Module tuanjieLib's total dependency: 0
[2026-01-03T11:13:03.372] [DEBUG] debug-file - tuanjieLib : clean cost memory 0.0255584716796875
[2026-01-03T11:13:03.363] [DEBUG] debug-file - Target 'default' config initialized
[2026-01-03T11:13:03.380] [DEBUG] debug-file - Current idle worker size: 1.
[2026-01-03T11:13:03.339] [DEBUG] debug-file - hvigorfile, binding system plugins { hapTasks: [Getter] }
[2026-01-03T11:13:03.344] [DEBUG] debug-file - Module 'entry' target 'default' build option initialized
[2026-01-03T11:13:03.370] [DEBUG] debug-file - Configuration phase cost:697 ms 
[2026-01-03T11:13:03.372] [DEBUG] debug-file - runTaskFromQueue task cost before running: 701 ms 
[2026-01-03T11:13:03.363] [DEBUG] debug-file - Module 'tuanjieLib' target 'default' build option initialized
[2026-01-03T11:13:03.380] [DEBUG] debug-file - Current busy worker size: 0.
[2026-01-03T11:13:03.339] [DEBUG] debug-file - failed to load cangjie to dynamically generate schemas: Error: Cannot find module '@ohos/cangjie-build-support/index'
Require stack:
- /Applications/DevEco-Studio.app/Contents/tools/hvigor/hvigor-ohos-plugin/src/plugin/factory/plugin-factory.js
- /Applications/DevEco-Studio.app/Contents/tools/hvigor/hvigor-ohos-plugin/index.js
- /Users/guosj-mac-mini/Documents/github_repos/dash-fire-and-ice/Demo_Run/hvigorfile.ts
- /Applications/DevEco-Studio.app/Contents/tools/hvigor/hvigor/src/base/internal/lifecycle/configuration.js
- /Applications/DevEco-Studio.app/Contents/tools/hvigor/hvigor/src/base/boot/index.js
- /Applications/DevEco-Studio.app/Contents/tools/hvigor/hvigor/src/cli/main/cli.js
- /Applications/DevEco-Studio.app/Contents/tools/hvigor/hvigor/bin/hvigor.js
[2026-01-03T11:13:03.371] [DEBUG] debug-file - Configuration task cost before running: 700 ms 
[2026-01-03T11:13:03.344] [DEBUG] debug-file - End initialize module-target build option map, moduleName=entry
[2026-01-03T11:13:03.372] [INFO] debug-file - Finished :tuanjieLib:clean... after 1 ms 
[2026-01-03T11:13:03.363] [DEBUG] debug-file - End initialize module-target build option map, moduleName=tuanjieLib
[2026-01-03T11:13:03.380] [DEBUG] debug-file - Clear worker 1.
[2026-01-03T11:13:03.371] [DEBUG] debug-file - Executing task :entry:clean
[2026-01-03T11:13:03.344] [DEBUG] debug-file - Start initialize module-target build option map, moduleName=entry, buildMode=debug
[2026-01-03T11:13:03.372] [DEBUG] debug-file - Executing task ::clean
[2026-01-03T11:13:03.363] [DEBUG] debug-file - Start initialize module-target build option map, moduleName=tuanjieLib, buildMode=debug
[2026-01-03T11:13:03.380] [DEBUG] debug-file - Worker 1 has been cleared.
[2026-01-03T11:13:03.371] [DEBUG] debug-file - clean: Worker pool is inactive.
[2026-01-03T11:13:03.344] [DEBUG] debug-file - Target 'default' config initialized
[2026-01-03T11:13:03.372] [DEBUG] debug-file - clean: Worker pool is inactive.
[2026-01-03T11:13:03.363] [DEBUG] debug-file - Target 'default' config initialized
[2026-01-03T11:13:03.380] [DEBUG] debug-file - Current idle worker size: 0.
[2026-01-03T11:13:03.344] [DEBUG] debug-file - Module 'entry' target 'default' build option initialized
[2026-01-03T11:13:03.372] [DEBUG] debug-file - Demo_Run : clean cost memory 0.0193939208984375
[2026-01-03T11:13:03.363] [DEBUG] debug-file - Module 'tuanjieLib' target 'default' build option initialized
[2026-01-03T11:13:03.380] [DEBUG] debug-file - Current busy worker size: 0.
[2026-01-03T11:13:03.344] [DEBUG] debug-file - End initialize module-target build option map, moduleName=entry
[2026-01-03T11:13:03.372] [DEBUG] debug-file - runTaskFromQueue task cost before running: 701 ms 
[2026-01-03T11:13:03.363] [DEBUG] debug-file - End initialize module-target build option map, moduleName=tuanjieLib
[2026-01-03T11:13:03.380] [DEBUG] debug-file - hvigor build process will be closed.
[2026-01-03T11:13:03.344] [DEBUG] debug-file - Obtain build option for module 'entry' target 'default'in this build.
[2026-01-03T11:13:03.372] [INFO] debug-file - Finished ::clean... after 1 ms 
[2026-01-03T11:13:03.363] [DEBUG] debug-file - Start initialize module-target build option map, moduleName=tuanjieLib, buildMode=debug
[2026-01-03T11:13:03.383] [DEBUG] debug-file - worker[1] exits with exit code 0.
[2026-01-03T11:13:03.346] [DEBUG] debug-file - Module entry task initialization takes 2 ms 
[2026-01-03T11:13:03.372] [DEBUG] debug-file - Executing task :entry:init
[2026-01-03T11:13:03.363] [DEBUG] debug-file - Target 'default' config initialized
[2026-01-03T11:13:03.383] [DEBUG] debug-file - worker[0] exits with exit code 0.
[2026-01-03T11:13:03.346] [DEBUG] debug-file - hvigorfile, resolve finished /Users/guosj-mac-mini/Documents/github_repos/dash-fire-and-ice/Demo_Run/entry/hvigorfile.ts
[2026-01-03T11:13:03.372] [DEBUG] debug-file - entry : init cost memory 0.01276397705078125
[2026-01-03T11:13:03.363] [DEBUG] debug-file - Module 'tuanjieLib' target 'default' build option initialized
[2026-01-03T11:13:03.383] [DEBUG] debug-file - Current worker pool is terminated.
[2026-01-03T11:13:03.372] [DEBUG] debug-file - runTaskFromQueue task cost before running: 702 ms 
[2026-01-03T11:13:03.363] [DEBUG] debug-file - End initialize module-target build option map, moduleName=tuanjieLib
[2026-01-03T11:13:03.372] [INFO] debug-file - Finished :entry:init... after 1 ms 
[2026-01-03T11:13:03.363] [DEBUG] debug-file - Obtain build option for module 'tuanjieLib' target 'default'in this build.
[2026-01-03T11:13:03.372] [DEBUG] debug-file - Executing task :tuanjieLib:init
[2026-01-03T11:13:03.364] [DEBUG] debug-file - Module tuanjieLib task initialization takes 1 ms 
[2026-01-03T11:13:03.372] [DEBUG] debug-file - tuanjieLib : init cost memory 0.010589599609375
[2026-01-03T11:13:03.364] [DEBUG] debug-file - hvigorfile, resolve finished /Users/guosj-mac-mini/Documents/github_repos/dash-fire-and-ice/Demo_Run/tuanjieLib/hvigorfile.ts
[2026-01-03T11:13:03.372] [DEBUG] debug-file - runTaskFromQueue task cost before running: 702 ms 
[2026-01-03T11:13:03.364] [DEBUG] debug-file - project has submodules:entry,tuanjieLib
[2026-01-03T11:13:03.372] [INFO] debug-file - Finished :tuanjieLib:init... after 1 ms 
[2026-01-03T11:13:03.364] [DEBUG] debug-file - module:tuanjieLib no need to execute packageHap
[2026-01-03T11:13:03.372] [DEBUG] debug-file - Executing task ::init
[2026-01-03T11:13:03.364] [DEBUG] debug-file - start to load updatedOhPackageInfo to the disk
[2026-01-03T11:13:03.372] [DEBUG] debug-file - Demo_Run : init cost memory 0.01168060302734375
[2026-01-03T11:13:03.365] [DEBUG] debug-file - load to the disk finished
[2026-01-03T11:13:03.372] [DEBUG] debug-file - runTaskFromQueue task cost before running: 702 ms 
[2026-01-03T11:13:03.365] [DEBUG] debug-file - Start to initialize dependency information.
[2026-01-03T11:13:03.372] [INFO] debug-file - Finished ::init... after 1 ms 
[2026-01-03T11:13:03.367] [DEBUG] debug-file - Module Demo_Run Collected Dependency: 
[2026-01-03T11:13:03.373] [DEBUG] debug-file - Obtain build option for module 'entry' target 'default'in this build.
[2026-01-03T11:13:03.367] [DEBUG] debug-file - Module Demo_Run's total dependency: 0
[2026-01-03T11:13:03.373] [DEBUG] debug-file - Obtain build option for module 'tuanjieLib' target 'default'in this build.
[2026-01-03T11:13:03.377] [DEBUG] debug-file - Since there is no instance or instance is terminated, create a new worker pool.
[2026-01-03T11:13:03.377] [DEBUG] debug-file - Worker pool is initialized with config:  {
  minPoolNum: 2,
  maxPoolNum: undefined,
  maxCoreSize: undefined,
  cacheCapacity: undefined,
  cacheTtl: undefined
}
[2026-01-03T11:13:58.374] [DEBUG] debug-file - env: nodejsVersion=v18.20.1
[2026-01-03T11:13:58.383] [DEBUG] debug-file - env: daemon=true
[2026-01-03T11:13:58.375] [DEBUG] debug-file - env: hvigor-config.json5 content = {
  modelVersion: '5.1.0',
  dependencies: {},
  execution: {},
  logging: {},
  debugging: {},
  nodeOptions: {}
}
[2026-01-03T11:13:58.549] [DEBUG] debug-file - java daemon tryConnect failed Error: connect ECONNREFUSED 127.0.0.1:45050
[2026-01-03T11:13:58.550] [DEBUG] debug-file - java daemon started at port 45050 pid 21015
[2026-01-03T11:13:58.568] [DEBUG] debug-file - session manager: set active socket. socketId=hckLQc-pbQ60fngjAAAB
[2026-01-03T11:13:58.742] [DEBUG] debug-file - watch worker: worker id should be larger than 0. Nothing will be sent to any worker thread.
[2026-01-03T11:13:58.745] [DEBUG] debug-file - Hvigor init with startParameters:{
  hvigorfileTypeCheck: false,
  parallelExecution: true,
  incrementalExecution: true,
  printStackTrace: false,
  daemon: true,
  analyze: 0,
  logLevel: Level { level: 20000, levelStr: 'INFO', colour: 'green' },
  optimizationStrategy: 'memory',
  hotCompile: undefined,
  hotReloadBuild: undefined
}
[2026-01-03T11:13:58.745] [DEBUG] debug-file - Cache service initialization finished in 1 ms 
[2026-01-03T11:13:58.746] [DEBUG] debug-file - hvigorfile, resolving /Users/guosj-mac-mini/Documents/github_repos/dash-fire-and-ice/Demo_Run/hvigorfile.ts
[2026-01-03T11:13:59.213] [DEBUG] debug-file - hvigorfile, require result:  { default: { plugins: [] } }
[2026-01-03T11:13:59.214] [DEBUG] debug-file - hvigorfile, binding system plugins null
[2026-01-03T11:13:59.283] [DEBUG] debug-file - Start initialize project's product build option map with build mode debug.
[2026-01-03T11:13:59.283] [DEBUG] debug-file - Picking option from product 'default' with build mode 'debug'.
[2026-01-03T11:13:59.283] [DEBUG] debug-file - Product 'default' build option initialized
[2026-01-03T11:13:59.283] [DEBUG] debug-file - End initialize project's product build option map with build mode 'debug'.
[2026-01-03T11:13:59.284] [DEBUG] debug-file - Obtain build option for product 'default'in this build.
[2026-01-03T11:13:59.285] [DEBUG] debug-file - No signingConfig found, initRemoteHspCache failed.
[2026-01-03T11:13:59.285] [DEBUG] debug-file - Local scan or download HarmonyOS sdk components toolchains,ets,js,native,previewer
[2026-01-03T11:13:59.286] [DEBUG] debug-file - Local scan or download hmscore sdk components toolchains,ets,native
[2026-01-03T11:13:59.287] [DEBUG] debug-file - Start recording SDK configuration permission data.
[2026-01-03T11:13:59.301] [DEBUG] debug-file - Sdk init in 16 ms 
[2026-01-03T11:13:59.303] [DEBUG] debug-file - Project task initialization takes 2 ms 
[2026-01-03T11:13:59.303] [DEBUG] debug-file - hvigorfile, binding custom plugins []
[2026-01-03T11:13:59.303] [DEBUG] debug-file - hvigorfile, no custom plugins were found in /Users/guosj-mac-mini/Documents/github_repos/dash-fire-and-ice/Demo_Run/hvigorfile.ts
[2026-01-03T11:13:59.303] [DEBUG] debug-file - hvigorfile, resolve finished /Users/guosj-mac-mini/Documents/github_repos/dash-fire-and-ice/Demo_Run/hvigorfile.ts
[2026-01-03T11:13:59.303] [DEBUG] debug-file - hvigorfile, resolving /Users/guosj-mac-mini/Documents/github_repos/dash-fire-and-ice/Demo_Run/entry/hvigorfile.ts
[2026-01-03T11:13:59.306] [DEBUG] debug-file - hvigorfile, require result:  {}
[2026-01-03T11:13:59.306] [DEBUG] debug-file - hvigorfile, binding system plugins {}
[2026-01-03T11:13:59.306] [DEBUG] debug-file - failed to load cangjie to dynamically generate schemas: Error: Cannot find module '@ohos/cangjie-build-support/index'
Require stack:
- /Applications/DevEco-Studio.app/Contents/tools/hvigor/hvigor-ohos-plugin/src/plugin/factory/plugin-factory.js
- /Applications/DevEco-Studio.app/Contents/tools/hvigor/hvigor-ohos-plugin/index.js
- /Users/guosj-mac-mini/Documents/github_repos/dash-fire-and-ice/Demo_Run/hvigorfile.ts
- /Applications/DevEco-Studio.app/Contents/tools/hvigor/hvigor/src/base/internal/lifecycle/configuration.js
- /Applications/DevEco-Studio.app/Contents/tools/hvigor/hvigor/src/base/boot/index.js
- /Applications/DevEco-Studio.app/Contents/tools/hvigor/hvigor/src/base/daemon/cluster/worker-process-lifecycle.js
- /Applications/DevEco-Studio.app/Contents/tools/hvigor/hvigor/src/base/daemon/process/daemon-process-boot-script.js
[2026-01-03T11:13:59.310] [DEBUG] debug-file - Start initialize module-target build option map, moduleName=entry, buildMode=release
[2026-01-03T11:13:59.310] [DEBUG] debug-file - Target 'default' config initialized
[2026-01-03T11:13:59.311] [DEBUG] debug-file - Module 'entry' target 'default' build option initialized
[2026-01-03T11:13:59.311] [DEBUG] debug-file - End initialize module-target build option map, moduleName=entry
[2026-01-03T11:13:59.311] [DEBUG] debug-file - Start initialize module-target build option map, moduleName=entry, buildMode=debug
[2026-01-03T11:13:59.311] [DEBUG] debug-file - Target 'default' config initialized
[2026-01-03T11:13:59.311] [DEBUG] debug-file - Module 'entry' target 'default' build option initialized
[2026-01-03T11:13:59.311] [DEBUG] debug-file - End initialize module-target build option map, moduleName=entry
[2026-01-03T11:13:59.311] [DEBUG] debug-file - Start initialize module-target build option map, moduleName=entry, buildMode=debug
[2026-01-03T11:13:59.311] [DEBUG] debug-file - Target 'default' config initialized
[2026-01-03T11:13:59.311] [DEBUG] debug-file - Module 'entry' target 'default' build option initialized
[2026-01-03T11:13:59.311] [DEBUG] debug-file - End initialize module-target build option map, moduleName=entry
[2026-01-03T11:13:59.311] [DEBUG] debug-file - Obtain build option for module 'entry' target 'default'in this build.
[2026-01-03T11:13:59.313] [DEBUG] debug-file - Module entry task initialization takes 2 ms 
[2026-01-03T11:13:59.313] [DEBUG] debug-file - hvigorfile, resolve finished /Users/guosj-mac-mini/Documents/github_repos/dash-fire-and-ice/Demo_Run/entry/hvigorfile.ts
[2026-01-03T11:13:59.313] [DEBUG] debug-file - hvigorfile, resolving /Users/guosj-mac-mini/Documents/github_repos/dash-fire-and-ice/Demo_Run/tuanjieLib/hvigorfile.ts
[2026-01-03T11:13:59.315] [DEBUG] debug-file - hvigorfile, require result:  {}
[2026-01-03T11:13:59.315] [DEBUG] debug-file - hvigorfile, binding system plugins {}
[2026-01-03T11:13:59.315] [DEBUG] debug-file - failed to load cangjie to dynamically generate schemas: Error: Cannot find module '@ohos/cangjie-build-support/index'
Require stack:
- /Applications/DevEco-Studio.app/Contents/tools/hvigor/hvigor-ohos-plugin/src/plugin/factory/plugin-factory.js
- /Applications/DevEco-Studio.app/Contents/tools/hvigor/hvigor-ohos-plugin/index.js
- /Users/guosj-mac-mini/Documents/github_repos/dash-fire-and-ice/Demo_Run/hvigorfile.ts
- /Applications/DevEco-Studio.app/Contents/tools/hvigor/hvigor/src/base/internal/lifecycle/configuration.js
- /Applications/DevEco-Studio.app/Contents/tools/hvigor/hvigor/src/base/boot/index.js
- /Applications/DevEco-Studio.app/Contents/tools/hvigor/hvigor/src/base/daemon/cluster/worker-process-lifecycle.js
- /Applications/DevEco-Studio.app/Contents/tools/hvigor/hvigor/src/base/daemon/process/daemon-process-boot-script.js
[2026-01-03T11:13:59.329] [DEBUG] debug-file - Start initialize module-target build option map, moduleName=tuanjieLib, buildMode=release
[2026-01-03T11:13:59.329] [DEBUG] debug-file - Target 'default' config initialized
[2026-01-03T11:13:59.329] [DEBUG] debug-file - Module 'tuanjieLib' target 'default' build option initialized
[2026-01-03T11:13:59.329] [DEBUG] debug-file - End initialize module-target build option map, moduleName=tuanjieLib
[2026-01-03T11:13:59.329] [DEBUG] debug-file - Start initialize module-target build option map, moduleName=tuanjieLib, buildMode=debug
[2026-01-03T11:13:59.329] [DEBUG] debug-file - Target 'default' config initialized
[2026-01-03T11:13:59.330] [DEBUG] debug-file - Module 'tuanjieLib' target 'default' build option initialized
[2026-01-03T11:13:59.330] [DEBUG] debug-file - End initialize module-target build option map, moduleName=tuanjieLib
[2026-01-03T11:13:59.330] [DEBUG] debug-file - Start initialize module-target build option map, moduleName=tuanjieLib, buildMode=debug
[2026-01-03T11:13:59.330] [DEBUG] debug-file - Target 'default' config initialized
[2026-01-03T11:13:59.330] [DEBUG] debug-file - Module 'tuanjieLib' target 'default' build option initialized
[2026-01-03T11:13:59.330] [DEBUG] debug-file - End initialize module-target build option map, moduleName=tuanjieLib
[2026-01-03T11:13:59.330] [DEBUG] debug-file - Obtain build option for module 'tuanjieLib' target 'default'in this build.
[2026-01-03T11:13:59.330] [DEBUG] debug-file - Module tuanjieLib task initialization takes 1 ms 
[2026-01-03T11:13:59.330] [DEBUG] debug-file - hvigorfile, resolve finished /Users/guosj-mac-mini/Documents/github_repos/dash-fire-and-ice/Demo_Run/tuanjieLib/hvigorfile.ts
[2026-01-03T11:13:59.361] [DEBUG] debug-file - hvigorfile, resolve hvigorfile dependencies in 31 ms 
[2026-01-03T11:13:59.362] [DEBUG] debug-file - project has submodules:entry,tuanjieLib
[2026-01-03T11:13:59.362] [DEBUG] debug-file - module:tuanjieLib no need to execute packageHap
[2026-01-03T11:13:59.362] [DEBUG] debug-file - start to load updatedOhPackageInfo to the disk
[2026-01-03T11:13:59.364] [DEBUG] debug-file - load to the disk finished
[2026-01-03T11:13:59.364] [DEBUG] debug-file - Start to initialize dependency information.
[2026-01-03T11:13:59.366] [DEBUG] debug-file - Module Demo_Run Collected Dependency: 
[2026-01-03T11:13:59.366] [DEBUG] debug-file - Module Demo_Run's total dependency: 0
[2026-01-03T11:13:59.367] [DEBUG] debug-file - Start to initialize dependency information.
[2026-01-03T11:13:59.367] [DEBUG] debug-file - Module entry Collected Dependency: /Users/guosj-mac-mini/Documents/github_repos/dash-fire-and-ice/Demo_Run/tuanjieLib
[2026-01-03T11:13:59.367] [DEBUG] debug-file - Module entry's total dependency: 1
[2026-01-03T11:13:59.368] [DEBUG] debug-file - Start to initialize dependency information.
[2026-01-03T11:13:59.369] [DEBUG] debug-file - Module tuanjieLib Collected Dependency: 
[2026-01-03T11:13:59.369] [DEBUG] debug-file - Module tuanjieLib's total dependency: 0
[2026-01-03T11:13:59.369] [DEBUG] debug-file - Configuration phase cost:624 ms 
[2026-01-03T11:13:59.370] [DEBUG] debug-file - Configuration task cost before running: 627 ms 
[2026-01-03T11:13:59.370] [DEBUG] debug-file - Executing task :entry:init
[2026-01-03T11:13:59.370] [DEBUG] debug-file - entry : init cost memory 0.01805877685546875
[2026-01-03T11:13:59.370] [DEBUG] debug-file - runTaskFromQueue task cost before running: 628 ms 
[2026-01-03T11:13:59.370] [INFO] debug-file - Finished :entry:init... after 1 ms 
[2026-01-03T11:13:59.370] [DEBUG] debug-file - Executing task :tuanjieLib:init
[2026-01-03T11:13:59.370] [DEBUG] debug-file - tuanjieLib : init cost memory 0.014617919921875
[2026-01-03T11:13:59.370] [DEBUG] debug-file - runTaskFromQueue task cost before running: 628 ms 
[2026-01-03T11:13:59.370] [INFO] debug-file - Finished :tuanjieLib:init... after 1 ms 
[2026-01-03T11:13:59.370] [DEBUG] debug-file - Executing task ::init
[2026-01-03T11:13:59.371] [DEBUG] debug-file - Demo_Run : init cost memory 0.015350341796875
[2026-01-03T11:13:59.371] [DEBUG] debug-file - runTaskFromQueue task cost before running: 628 ms 
[2026-01-03T11:13:59.371] [INFO] debug-file - Finished ::init... after 1 ms 
[2026-01-03T11:13:59.371] [DEBUG] debug-file - Obtain build option for module 'entry' target 'default'in this build.
[2026-01-03T11:13:59.371] [DEBUG] debug-file - Obtain build option for module 'tuanjieLib' target 'default'in this build.
[2026-01-03T11:13:59.372] [DEBUG] debug-file - Since there is no instance or instance is terminated, create a new worker pool.
[2026-01-03T11:13:59.372] [DEBUG] debug-file - Worker pool is initialized with config:  {
  minPoolNum: 2,
  maxPoolNum: undefined,
  maxCoreSize: undefined,
  cacheCapacity: undefined,
  cacheTtl: undefined
}
[2026-01-03T11:13:59.372] [DEBUG] debug-file - Create  resident worker with id: 0.
[2026-01-03T11:13:59.373] [DEBUG] debug-file - Create  resident worker with id: 1.
[2026-01-03T11:13:59.373] [DEBUG] debug-file - Cleanup worker 0.
[2026-01-03T11:13:59.374] [DEBUG] debug-file - Worker 0 has been cleaned up.
[2026-01-03T11:13:59.374] [DEBUG] debug-file - Current idle worker size: 1.
[2026-01-03T11:13:59.374] [DEBUG] debug-file - Current resident worker size: 2.
[2026-01-03T11:13:59.374] [DEBUG] debug-file - Cleanup worker 1.
[2026-01-03T11:13:59.374] [DEBUG] debug-file - Worker 1 has been cleaned up.
[2026-01-03T11:13:59.374] [DEBUG] debug-file - Current idle worker size: 0.
[2026-01-03T11:13:59.374] [DEBUG] debug-file - Current resident worker size: 2.
[2026-01-03T11:13:59.374] [DEBUG] debug-file - hvigor build process will be closed.
[2026-01-03T11:13:59.425] [DEBUG] debug-file - worker[0] exits with exit code 0.
[2026-01-03T11:13:59.425] [DEBUG] debug-file - worker[1] exits with exit code 0.
[2026-01-03T11:13:59.433] [DEBUG] debug-file - session manager: send message to worker process.
[2026-01-03T11:13:59.434] [DEBUG] debug-file - session manager: send message to worker process.
[2026-01-03T11:13:59.434] [DEBUG] debug-file - watch worker: worker id should be larger than 0. Nothing will be sent to any worker thread.
[2026-01-03T11:13:59.434] [DEBUG] debug-file - watch worker: worker id should be larger than 0. Nothing will be sent to any worker thread.
[2026-01-03T11:14:09.680] [DEBUG] debug-file - session manager: set active socket. socketId=VLzVeahVBhCpODAqAAAD
[2026-01-03T11:14:09.682] [DEBUG] debug-file - watch worker: worker id should be larger than 0. Nothing will be sent to any worker thread.
[2026-01-03T11:14:09.683] [DEBUG] debug-file - Hvigor init with startParameters:{
  hvigorfileTypeCheck: false,
  parallelExecution: true,
  incrementalExecution: true,
  printStackTrace: false,
  daemon: true,
  analyze: 0,
  logLevel: Level { level: 20000, levelStr: 'INFO', colour: 'green' },
  optimizationStrategy: 'memory',
  hotCompile: undefined,
  hotReloadBuild: undefined
}
[2026-01-03T11:14:09.683] [DEBUG] debug-file - Cache service initialization finished in 1 ms 
[2026-01-03T11:14:09.684] [DEBUG] debug-file - hvigorfile, resolving /Users/guosj-mac-mini/Documents/github_repos/dash-fire-and-ice/Demo_Run/hvigorfile.ts
[2026-01-03T11:14:09.687] [DEBUG] debug-file - hvigorfile, require result:  { default: { plugins: [] } }
[2026-01-03T11:14:09.688] [DEBUG] debug-file - hvigorfile, binding system plugins null
[2026-01-03T11:14:09.690] [DEBUG] debug-file - Start initialize project's product build option map with build mode debug.
[2026-01-03T11:14:09.690] [DEBUG] debug-file - Picking option from product 'default' with build mode 'debug'.
[2026-01-03T11:14:09.690] [DEBUG] debug-file - Product 'default' build option initialized
[2026-01-03T11:14:09.690] [DEBUG] debug-file - End initialize project's product build option map with build mode 'debug'.
[2026-01-03T11:14:09.691] [DEBUG] debug-file - Obtain build option for product 'default'in this build.
[2026-01-03T11:14:09.692] [DEBUG] debug-file - No signingConfig found, initRemoteHspCache failed.
[2026-01-03T11:14:09.692] [DEBUG] debug-file - Start recording SDK configuration permission data.
[2026-01-03T11:14:09.704] [DEBUG] debug-file - Sdk init in 13 ms 
[2026-01-03T11:14:09.705] [DEBUG] debug-file - Project task initialization takes 1 ms 
[2026-01-03T11:14:09.706] [DEBUG] debug-file - hvigorfile, binding custom plugins []
[2026-01-03T11:14:09.706] [DEBUG] debug-file - hvigorfile, no custom plugins were found in /Users/guosj-mac-mini/Documents/github_repos/dash-fire-and-ice/Demo_Run/hvigorfile.ts
[2026-01-03T11:14:09.706] [DEBUG] debug-file - hvigorfile, resolve finished /Users/guosj-mac-mini/Documents/github_repos/dash-fire-and-ice/Demo_Run/hvigorfile.ts
[2026-01-03T11:14:09.706] [DEBUG] debug-file - hvigorfile, resolving /Users/guosj-mac-mini/Documents/github_repos/dash-fire-and-ice/Demo_Run/entry/hvigorfile.ts
[2026-01-03T11:14:09.708] [DEBUG] debug-file - hvigorfile, require result:  {}
[2026-01-03T11:14:09.708] [DEBUG] debug-file - hvigorfile, binding system plugins {}
[2026-01-03T11:14:09.708] [DEBUG] debug-file - failed to load cangjie to dynamically generate schemas: Error: Cannot find module '@ohos/cangjie-build-support/index'
Require stack:
- /Applications/DevEco-Studio.app/Contents/tools/hvigor/hvigor-ohos-plugin/src/plugin/factory/plugin-factory.js
- /Applications/DevEco-Studio.app/Contents/tools/hvigor/hvigor-ohos-plugin/index.js
- /Users/guosj-mac-mini/Documents/github_repos/dash-fire-and-ice/Demo_Run/hvigorfile.ts
- /Applications/DevEco-Studio.app/Contents/tools/hvigor/hvigor/src/base/internal/lifecycle/configuration.js
- /Applications/DevEco-Studio.app/Contents/tools/hvigor/hvigor/src/base/boot/index.js
- /Applications/DevEco-Studio.app/Contents/tools/hvigor/hvigor/src/base/daemon/cluster/worker-process-lifecycle.js
- /Applications/DevEco-Studio.app/Contents/tools/hvigor/hvigor/src/base/daemon/process/daemon-process-boot-script.js
[2026-01-03T11:14:09.709] [DEBUG] debug-file - Start initialize module-target build option map, moduleName=entry, buildMode=release
[2026-01-03T11:14:09.709] [DEBUG] debug-file - Target 'default' config initialized
[2026-01-03T11:14:09.709] [DEBUG] debug-file - Module 'entry' target 'default' build option initialized
[2026-01-03T11:14:09.709] [DEBUG] debug-file - End initialize module-target build option map, moduleName=entry
[2026-01-03T11:14:09.709] [DEBUG] debug-file - Start initialize module-target build option map, moduleName=entry, buildMode=debug
[2026-01-03T11:14:09.709] [DEBUG] debug-file - Target 'default' config initialized
[2026-01-03T11:14:09.709] [DEBUG] debug-file - Module 'entry' target 'default' build option initialized
[2026-01-03T11:14:09.709] [DEBUG] debug-file - End initialize module-target build option map, moduleName=entry
[2026-01-03T11:14:09.709] [DEBUG] debug-file - Start initialize module-target build option map, moduleName=entry, buildMode=debug
[2026-01-03T11:14:09.709] [DEBUG] debug-file - Target 'default' config initialized
[2026-01-03T11:14:09.709] [DEBUG] debug-file - Module 'entry' target 'default' build option initialized
[2026-01-03T11:14:09.709] [DEBUG] debug-file - End initialize module-target build option map, moduleName=entry
[2026-01-03T11:14:09.709] [DEBUG] debug-file - Obtain build option for module 'entry' target 'default'in this build.
[2026-01-03T11:14:09.709] [DEBUG] debug-file - Module entry task initialization takes 1 ms 
[2026-01-03T11:14:09.709] [DEBUG] debug-file - hvigorfile, resolve finished /Users/guosj-mac-mini/Documents/github_repos/dash-fire-and-ice/Demo_Run/entry/hvigorfile.ts
[2026-01-03T11:14:09.710] [DEBUG] debug-file - hvigorfile, resolving /Users/guosj-mac-mini/Documents/github_repos/dash-fire-and-ice/Demo_Run/tuanjieLib/hvigorfile.ts
[2026-01-03T11:14:09.711] [DEBUG] debug-file - hvigorfile, require result:  {}
[2026-01-03T11:14:09.711] [DEBUG] debug-file - hvigorfile, binding system plugins {}
[2026-01-03T11:14:09.711] [DEBUG] debug-file - failed to load cangjie to dynamically generate schemas: Error: Cannot find module '@ohos/cangjie-build-support/index'
Require stack:
- /Applications/DevEco-Studio.app/Contents/tools/hvigor/hvigor-ohos-plugin/src/plugin/factory/plugin-factory.js
- /Applications/DevEco-Studio.app/Contents/tools/hvigor/hvigor-ohos-plugin/index.js
- /Users/guosj-mac-mini/Documents/github_repos/dash-fire-and-ice/Demo_Run/hvigorfile.ts
- /Applications/DevEco-Studio.app/Contents/tools/hvigor/hvigor/src/base/internal/lifecycle/configuration.js
- /Applications/DevEco-Studio.app/Contents/tools/hvigor/hvigor/src/base/boot/index.js
- /Applications/DevEco-Studio.app/Contents/tools/hvigor/hvigor/src/base/daemon/cluster/worker-process-lifecycle.js
- /Applications/DevEco-Studio.app/Contents/tools/hvigor/hvigor/src/base/daemon/process/daemon-process-boot-script.js
[2026-01-03T11:14:09.712] [DEBUG] debug-file - Start initialize module-target build option map, moduleName=tuanjieLib, buildMode=release
[2026-01-03T11:14:09.712] [DEBUG] debug-file - Target 'default' config initialized
[2026-01-03T11:14:09.712] [DEBUG] debug-file - Module 'tuanjieLib' target 'default' build option initialized
[2026-01-03T11:14:09.712] [DEBUG] debug-file - End initialize module-target build option map, moduleName=tuanjieLib
[2026-01-03T11:14:09.712] [DEBUG] debug-file - Start initialize module-target build option map, moduleName=tuanjieLib, buildMode=debug
[2026-01-03T11:14:09.712] [DEBUG] debug-file - Target 'default' config initialized
[2026-01-03T11:14:09.712] [DEBUG] debug-file - Module 'tuanjieLib' target 'default' build option initialized
[2026-01-03T11:14:09.712] [DEBUG] debug-file - End initialize module-target build option map, moduleName=tuanjieLib
[2026-01-03T11:14:09.712] [DEBUG] debug-file - Start initialize module-target build option map, moduleName=tuanjieLib, buildMode=debug
[2026-01-03T11:14:09.712] [DEBUG] debug-file - Target 'default' config initialized
[2026-01-03T11:14:09.712] [DEBUG] debug-file - Module 'tuanjieLib' target 'default' build option initialized
[2026-01-03T11:14:09.712] [DEBUG] debug-file - End initialize module-target build option map, moduleName=tuanjieLib
[2026-01-03T11:14:09.712] [DEBUG] debug-file - Obtain build option for module 'tuanjieLib' target 'default'in this build.
[2026-01-03T11:14:09.713] [DEBUG] debug-file - Module tuanjieLib task initialization takes 1 ms 
[2026-01-03T11:14:09.713] [DEBUG] debug-file - hvigorfile, resolve finished /Users/guosj-mac-mini/Documents/github_repos/dash-fire-and-ice/Demo_Run/tuanjieLib/hvigorfile.ts
[2026-01-03T11:14:09.745] [DEBUG] debug-file - hvigorfile, resolve hvigorfile dependencies in 33 ms 
[2026-01-03T11:14:09.745] [DEBUG] debug-file - project has submodules:entry,tuanjieLib
[2026-01-03T11:14:09.745] [DEBUG] debug-file - module:tuanjieLib no need to execute packageHap
[2026-01-03T11:14:09.746] [DEBUG] debug-file - start to load updatedOhPackageInfo to the disk
[2026-01-03T11:14:09.747] [DEBUG] debug-file - load to the disk finished
[2026-01-03T11:14:09.747] [DEBUG] debug-file - Start to initialize dependency information.
[2026-01-03T11:14:09.748] [DEBUG] debug-file - Module Demo_Run Collected Dependency: 
[2026-01-03T11:14:09.748] [DEBUG] debug-file - Module Demo_Run's total dependency: 0
[2026-01-03T11:14:09.748] [DEBUG] debug-file - Start to initialize dependency information.
[2026-01-03T11:14:09.748] [DEBUG] debug-file - Module entry Collected Dependency: /Users/guosj-mac-mini/Documents/github_repos/dash-fire-and-ice/Demo_Run/tuanjieLib
[2026-01-03T11:14:09.748] [DEBUG] debug-file - Module entry's total dependency: 1
[2026-01-03T11:14:09.749] [DEBUG] debug-file - Start to initialize dependency information.
[2026-01-03T11:14:09.749] [DEBUG] debug-file - Module tuanjieLib Collected Dependency: 
[2026-01-03T11:14:09.749] [DEBUG] debug-file - Module tuanjieLib's total dependency: 0
[2026-01-03T11:14:09.749] [DEBUG] debug-file - Configuration phase cost:66 ms 
[2026-01-03T11:14:09.750] [DEBUG] debug-file - Configuration task cost before running: 68 ms 
[2026-01-03T11:14:09.751] [DEBUG] debug-file - Executing task :entry:default@PreBuild
[2026-01-03T11:14:09.752] [WARN] debug-file - The project has not explicitly set the 'targetSdkVersion' version at build-profile.json5. It is recommended to configure it. Reference: https://developer.huawei.com/consumer/cn/doc/harmonyos-guides/ide-hvigor-build-profile-app#section45865492619
[2026-01-03T11:14:09.752] [DEBUG] debug-file - Task 'entry:default@PreBuild' cost while wrapping incremental declarations: 1 ms 
[2026-01-03T11:14:09.831] [DEBUG] debug-file - current product is not Atomic service.
[2026-01-03T11:14:09.832] [DEBUG] debug-file - Use tool [darwin: JAVA_HOME, CLASSPATH]
 [
  {
    JAVA_HOME: '/Applications/DevEco-Studio.app/Contents/jbr/Contents/Home'
  },
  { CLASSPATH: undefined }
]
[2026-01-03T11:14:09.832] [DEBUG] debug-file - Use tool [darwin: NODE_HOME]
 [
  {
    NODE_HOME: '/Applications/DevEco-Studio.app/Contents/tools/node/bin'
  }
]
[2026-01-03T11:14:09.832] [DEBUG] debug-file - entry : default@PreBuild cost memory 4.844184875488281
[2026-01-03T11:14:09.832] [DEBUG] debug-file - runTaskFromQueue task cost before running: 150 ms 
[2026-01-03T11:14:09.832] [INFO] debug-file - Finished :entry:default@PreBuild... after 81 ms 
[2026-01-03T11:14:09.833] [DEBUG] debug-file - Executing task :tuanjieLib:default@PreBuild
[2026-01-03T11:14:09.833] [DEBUG] debug-file - Task 'tuanjieLib:default@PreBuild' cost while wrapping incremental declarations: 1 ms 
[2026-01-03T11:14:09.834] [WARN] debug-file - The name of the 'tuanjieLib' module does not comply with the regular expression: /^(@(?![0-9-_])[a-z0-9-_]+(?<![-_])\/)?(?![0-9-_.])[a-z0-9-_.]+(?<![-_.])$/.
               This will affect the installation and publication by ohpm.
               Make sure the value of name in the oh-package.json5 file of the module complies with the regular expression.
[2026-01-03T11:14:09.842] [DEBUG] debug-file - current product is not Atomic service.
[2026-01-03T11:14:09.843] [DEBUG] debug-file - Use tool [darwin: JAVA_HOME, CLASSPATH]
 [
  {
    JAVA_HOME: '/Applications/DevEco-Studio.app/Contents/jbr/Contents/Home'
  },
  { CLASSPATH: undefined }
]
[2026-01-03T11:14:09.843] [DEBUG] debug-file - Use tool [darwin: NODE_HOME]
 [
  {
    NODE_HOME: '/Applications/DevEco-Studio.app/Contents/tools/node/bin'
  }
]
[2026-01-03T11:14:09.852] [DEBUG] debug-file - tuanjieLib : default@PreBuild cost memory 3.2482681274414062
[2026-01-03T11:14:09.852] [DEBUG] debug-file - runTaskFromQueue task cost before running: 170 ms 
[2026-01-03T11:14:09.852] [INFO] debug-file - Finished :tuanjieLib:default@PreBuild... after 19 ms 
[2026-01-03T11:14:09.852] [DEBUG] debug-file - Executing task :entry:default@CreateModuleInfo
[2026-01-03T11:14:09.852] [DEBUG] debug-file - Task 'entry:default@CreateModuleInfo' cost while wrapping incremental declarations: 1 ms 
[2026-01-03T11:14:09.853] [DEBUG] debug-file - entry : default@CreateModuleInfo cost memory 0.05150604248046875
[2026-01-03T11:14:09.853] [DEBUG] debug-file - runTaskFromQueue task cost before running: 170 ms 
[2026-01-03T11:14:09.853] [INFO] debug-file - Finished :entry:default@CreateModuleInfo... after 1 ms 
[2026-01-03T11:14:09.853] [DEBUG] debug-file - Executing task :entry:default@GenerateMetadata
[2026-01-03T11:14:09.853] [DEBUG] debug-file - Task 'entry:default@GenerateMetadata' cost while wrapping incremental declarations: 1 ms 
[2026-01-03T11:14:09.854] [DEBUG] debug-file - entry : default@GenerateMetadata cost memory 0.1207427978515625
[2026-01-03T11:14:09.854] [DEBUG] debug-file - runTaskFromQueue task cost before running: 172 ms 
[2026-01-03T11:14:09.854] [INFO] debug-file - Finished :entry:default@GenerateMetadata... after 1 ms 
[2026-01-03T11:14:09.854] [DEBUG] debug-file - Executing task :entry:default@PreCheckSyscap
[2026-01-03T11:14:09.854] [DEBUG] debug-file - entry : default@PreCheckSyscap cost memory 0.01644134521484375
[2026-01-03T11:14:09.854] [DEBUG] debug-file - runTaskFromQueue task cost before running: 172 ms 
[2026-01-03T11:14:09.854] [INFO] debug-file - Finished :entry:default@PreCheckSyscap... after 1 ms 
[2026-01-03T11:14:09.854] [DEBUG] debug-file - Executing task :entry:default@GeneratePkgContextInfo
[2026-01-03T11:14:09.858] [DEBUG] debug-file - Task 'entry:default@GeneratePkgContextInfo' cost while wrapping incremental declarations: 1 ms 
[2026-01-03T11:14:09.858] [DEBUG] debug-file - entry : default@GeneratePkgContextInfo cost memory 0.4710845947265625
[2026-01-03T11:14:09.858] [DEBUG] debug-file - runTaskFromQueue task cost before running: 176 ms 
[2026-01-03T11:14:09.858] [INFO] debug-file - Finished :entry:default@GeneratePkgContextInfo... after 4 ms 
[2026-01-03T11:14:09.858] [DEBUG] debug-file - Executing task :entry:default@ProcessIntegratedHsp
[2026-01-03T11:14:09.858] [DEBUG] debug-file - entry : default@ProcessIntegratedHsp cost memory 0.040252685546875
[2026-01-03T11:14:09.858] [DEBUG] debug-file - runTaskFromQueue task cost before running: 176 ms 
[2026-01-03T11:14:09.858] [INFO] debug-file - Finished :entry:default@ProcessIntegratedHsp... after 1 ms 
[2026-01-03T11:14:09.859] [DEBUG] debug-file - Executing task :tuanjieLib:default@CreateHarBuildProfile
[2026-01-03T11:14:09.859] [DEBUG] debug-file - Task 'tuanjieLib:default@CreateHarBuildProfile' cost while wrapping incremental declarations: 1 ms 
[2026-01-03T11:14:09.859] [DEBUG] debug-file - tuanjieLib : default@CreateHarBuildProfile cost memory 0.06072998046875
[2026-01-03T11:14:09.859] [DEBUG] debug-file - runTaskFromQueue task cost before running: 177 ms 
[2026-01-03T11:14:09.859] [INFO] debug-file - Finished :tuanjieLib:default@CreateHarBuildProfile... after 1 ms 
[2026-01-03T11:14:09.861] [DEBUG] debug-file - Executing task :tuanjieLib:default@ConfigureCmake
[2026-01-03T11:14:09.861] [DEBUG] debug-file - tuanjieLib : default@ConfigureCmake cost memory 0.01784515380859375
[2026-01-03T11:14:09.861] [DEBUG] debug-file - runTaskFromQueue task cost before running: 179 ms 
[2026-01-03T11:14:09.861] [INFO] debug-file - Finished :tuanjieLib:default@ConfigureCmake... after 1 ms 
[2026-01-03T11:14:09.863] [DEBUG] debug-file - Executing task :tuanjieLib:default@MergeProfile
[2026-01-03T11:14:09.863] [DEBUG] debug-file - Task 'tuanjieLib:default@MergeProfile' cost while wrapping incremental declarations: 1 ms 
[2026-01-03T11:14:09.863] [DEBUG] debug-file - Change app api release type with 'Release'
[2026-01-03T11:14:09.864] [DEBUG] debug-file - Change app compile API version with '6.0.1.112'
[2026-01-03T11:14:09.864] [DEBUG] debug-file - Change app target API version with '60001021'
[2026-01-03T11:14:09.864] [DEBUG] debug-file - Change app minimum API version with '50002014'
[2026-01-03T11:14:09.864] [DEBUG] debug-file - Use cli appEnvironment
[2026-01-03T11:14:09.864] [DEBUG] debug-file - tuanjieLib : default@MergeProfile cost memory 0.1852569580078125
[2026-01-03T11:14:09.864] [DEBUG] debug-file - runTaskFromQueue task cost before running: 182 ms 
[2026-01-03T11:14:09.864] [INFO] debug-file - Finished :tuanjieLib:default@MergeProfile... after 2 ms 
[2026-01-03T11:14:09.864] [DEBUG] debug-file - Executing task :entry:default@SyscapTransform
[2026-01-03T11:14:09.864] [DEBUG] debug-file - File: '/Users/guosj-mac-mini/Documents/github_repos/dash-fire-and-ice/Demo_Run/entry/src/main/syscap.json' from 'sysCapJsonPath' is not exists, just ignore.
[2026-01-03T11:14:09.865] [DEBUG] debug-file - Task 'entry:default@SyscapTransform' cost while wrapping incremental declarations: 1 ms 
[2026-01-03T11:14:09.865] [DEBUG] debug-file - entry : default@SyscapTransform cost memory 0.07598114013671875
[2026-01-03T11:14:09.865] [DEBUG] debug-file - runTaskFromQueue task cost before running: 183 ms 
[2026-01-03T11:14:09.865] [INFO] debug-file - Finished :entry:default@SyscapTransform... after 1 ms 
[2026-01-03T11:14:09.865] [DEBUG] debug-file - Executing task :entry:default@ProcessRouterMap
[2026-01-03T11:14:09.866] [DEBUG] debug-file - entry : default@ProcessRouterMap cost memory 0.09942626953125
[2026-01-03T11:14:09.866] [DEBUG] debug-file - runTaskFromQueue task cost before running: 184 ms 
[2026-01-03T11:14:09.866] [INFO] debug-file - Finished :entry:default@ProcessRouterMap... after 1 ms 
[2026-01-03T11:14:09.866] [DEBUG] debug-file - Executing task :entry:default@ProcessShareConfig
[2026-01-03T11:14:09.867] [DEBUG] debug-file - entry : default@ProcessShareConfig cost memory 0.08731842041015625
[2026-01-03T11:14:09.867] [DEBUG] debug-file - runTaskFromQueue task cost before running: 185 ms 
[2026-01-03T11:14:09.867] [INFO] debug-file - Finished :entry:default@ProcessShareConfig... after 1 ms 
[2026-01-03T11:14:09.867] [DEBUG] debug-file - Executing task :entry:default@ProcessStartupConfig
[2026-01-03T11:14:09.867] [DEBUG] debug-file - Task 'entry:default@ProcessStartupConfig' cost while wrapping incremental declarations: 1 ms 
[2026-01-03T11:14:09.867] [DEBUG] debug-file - entry : default@ProcessStartupConfig cost memory 0.0933685302734375
[2026-01-03T11:14:09.867] [DEBUG] debug-file - runTaskFromQueue task cost before running: 185 ms 
[2026-01-03T11:14:09.868] [INFO] debug-file - Finished :entry:default@ProcessStartupConfig... after 1 ms 
[2026-01-03T11:14:09.868] [DEBUG] debug-file - Executing task :entry:default@CreateBuildProfile
[2026-01-03T11:14:09.868] [DEBUG] debug-file - Task 'entry:default@CreateBuildProfile' cost while wrapping incremental declarations: 1 ms 
[2026-01-03T11:14:09.868] [DEBUG] debug-file - entry : default@CreateBuildProfile cost memory 0.07413482666015625
[2026-01-03T11:14:09.868] [DEBUG] debug-file - runTaskFromQueue task cost before running: 186 ms 
[2026-01-03T11:14:09.868] [INFO] debug-file - Finished :entry:default@CreateBuildProfile... after 1 ms 
[2026-01-03T11:14:09.869] [DEBUG] debug-file - Executing task :tuanjieLib:default@BuildNativeWithCmake
[2026-01-03T11:14:09.869] [DEBUG] debug-file - tuanjieLib : default@BuildNativeWithCmake cost memory 0.01729583740234375
[2026-01-03T11:14:09.869] [DEBUG] debug-file - runTaskFromQueue task cost before running: 187 ms 
[2026-01-03T11:14:09.869] [INFO] debug-file - Finished :tuanjieLib:default@BuildNativeWithCmake... after 1 ms 
[2026-01-03T11:14:09.869] [DEBUG] debug-file - Executing task :entry:default@MergeProfile
[2026-01-03T11:14:09.869] [DEBUG] debug-file - Task 'entry:default@MergeProfile' cost while wrapping incremental declarations: 1 ms 
[2026-01-03T11:14:09.869] [DEBUG] debug-file - Change app api release type with 'Release'
[2026-01-03T11:14:09.869] [DEBUG] debug-file - Change app compile API version with '6.0.1.112'
[2026-01-03T11:14:09.869] [DEBUG] debug-file - Change app target API version with '60001021'
[2026-01-03T11:14:09.869] [DEBUG] debug-file - Change app minimum API version with '50002014'
[2026-01-03T11:14:09.870] [DEBUG] debug-file - Use cli appEnvironment
[2026-01-03T11:14:09.870] [DEBUG] debug-file - entry : default@MergeProfile cost memory 0.23987579345703125
[2026-01-03T11:14:09.870] [DEBUG] debug-file - runTaskFromQueue task cost before running: 188 ms 
[2026-01-03T11:14:09.870] [INFO] debug-file - Finished :entry:default@MergeProfile... after 2 ms 
[2026-01-03T11:14:09.871] [DEBUG] debug-file - Obtain build option for module 'tuanjieLib' target 'default'in this build.
[2026-01-03T11:14:09.871] [DEBUG] debug-file - Executing task :entry:default@GenerateLoaderJson
[2026-01-03T11:14:09.871] [DEBUG] debug-file - Task 'entry:default@GenerateLoaderJson' cost while wrapping incremental declarations: 1 ms 
[2026-01-03T11:14:09.872] [DEBUG] debug-file - Obtain build option for module 'tuanjieLib' target 'default'in this build.
[2026-01-03T11:14:09.872] [DEBUG] debug-file - Obtain build option for module 'tuanjieLib' target 'default'in this build.
[2026-01-03T11:14:09.873] [DEBUG] debug-file - Obtain build option for module 'tuanjieLib' target 'default'in this build.
[2026-01-03T11:14:09.873] [DEBUG] debug-file - Obtain build option for module 'tuanjieLib' target 'default'in this build.
[2026-01-03T11:14:09.873] [DEBUG] debug-file - Obtain build option for module 'tuanjieLib' target 'default'in this build.
[2026-01-03T11:14:09.874] [DEBUG] debug-file - entry : default@GenerateLoaderJson cost memory 0.6766281127929688
[2026-01-03T11:14:09.874] [DEBUG] debug-file - runTaskFromQueue task cost before running: 192 ms 
[2026-01-03T11:14:09.874] [DEBUG] debug-file - Obtain build option for module 'tuanjieLib' target 'default'in this build.
[2026-01-03T11:14:09.874] [DEBUG] debug-file - Obtain build option for module 'tuanjieLib' target 'default'in this build.
[2026-01-03T11:14:09.874] [INFO] debug-file - Finished :entry:default@GenerateLoaderJson... after 3 ms 
[2026-01-03T11:14:09.875] [DEBUG] debug-file - Executing task :entry:default@ConfigureCmake
[2026-01-03T11:14:09.875] [DEBUG] debug-file - entry : default@ConfigureCmake cost memory 0.01633453369140625
[2026-01-03T11:14:09.875] [DEBUG] debug-file - runTaskFromQueue task cost before running: 193 ms 
[2026-01-03T11:14:09.875] [INFO] debug-file - Finished :entry:default@ConfigureCmake... after 1 ms 
[2026-01-03T11:14:09.875] [DEBUG] debug-file - Executing task :tuanjieLib:default@BuildNativeWithNinja
[2026-01-03T11:14:09.875] [DEBUG] debug-file - tuanjieLib : default@BuildNativeWithNinja cost memory 0.02838897705078125
[2026-01-03T11:14:09.875] [DEBUG] debug-file - runTaskFromQueue task cost before running: 193 ms 
[2026-01-03T11:14:09.875] [INFO] debug-file - Finished :tuanjieLib:default@BuildNativeWithNinja... after 1 ms 
[2026-01-03T11:14:09.876] [DEBUG] debug-file - Executing task :entry:default@MakePackInfo
[2026-01-03T11:14:09.876] [DEBUG] debug-file - Module Pack Info:  {
  summary: {
    app: { bundleName: 'c***o', bundleType: 'app', version: [Object] },
    modules: [ [Object] ]
  },
  packages: [
    {
      deviceType: [Array],
      moduleType: 'entry',
      deliveryWithInstall: true,
      name: 'entry-default'
    }
  ]
}
[2026-01-03T11:14:09.876] [DEBUG] debug-file - entry : default@MakePackInfo cost memory 0.13051605224609375
[2026-01-03T11:14:09.876] [DEBUG] debug-file - runTaskFromQueue task cost before running: 194 ms 
[2026-01-03T11:14:09.876] [INFO] debug-file - Finished :entry:default@MakePackInfo... after 1 ms 
[2026-01-03T11:14:09.877] [DEBUG] debug-file - Executing task :entry:default@ProcessProfile
[2026-01-03T11:14:09.877] [DEBUG] debug-file - Task 'entry:default@ProcessProfile' cost while wrapping incremental declarations: 1 ms 
[2026-01-03T11:14:09.878] [DEBUG] debug-file - [
  '/Applications/DevEco-Studio.app/Contents/tools/node/bin/node',
  '/Applications/DevEco-Studio.app/Contents/sdk/default/openharmony/ets/build-tools/ets-loader/bin/ark/ts2abc.js',
  '--target-api-version',
  '14'
]
[2026-01-03T11:14:09.918] [DEBUG] debug-file - 12.0.6.0
[2026-01-03T11:14:09.919] [DEBUG] debug-file - No need to add fake ui ability because of not in preview process.
[2026-01-03T11:14:09.919] [DEBUG] debug-file - entry : default@ProcessProfile cost memory 0.37891387939453125
[2026-01-03T11:14:09.919] [DEBUG] debug-file - runTaskFromQueue task cost before running: 237 ms 
[2026-01-03T11:14:09.919] [INFO] debug-file - Finished :entry:default@ProcessProfile... after 43 ms 
[2026-01-03T11:14:09.919] [DEBUG] debug-file - Executing task :entry:default@BuildNativeWithCmake
[2026-01-03T11:14:09.919] [DEBUG] debug-file - entry : default@BuildNativeWithCmake cost memory 0.01734161376953125
[2026-01-03T11:14:09.919] [DEBUG] debug-file - runTaskFromQueue task cost before running: 237 ms 
[2026-01-03T11:14:09.919] [INFO] debug-file - Finished :entry:default@BuildNativeWithCmake... after 1 ms 
[2026-01-03T11:14:09.920] [DEBUG] debug-file - Executing task :tuanjieLib:default@ProcessLibs
[2026-01-03T11:14:09.921] [DEBUG] debug-file - Worker dispatch failed, running processLibs on main thread.
[2026-01-03T11:14:09.922] [DEBUG] debug-file - Link /Users/guosj-mac-mini/Documents/github_repos/dash-fire-and-ice/Demo_Run/tuanjieLib/libs/arm64-v8a/libtuanjie.so to /Users/guosj-mac-mini/Documents/github_repos/dash-fire-and-ice/Demo_Run/tuanjieLib/build/default/intermediates/libs/default/arm64-v8a/libtuanjie.so successfully.
[2026-01-03T11:14:09.922] [DEBUG] debug-file - Link /Users/guosj-mac-mini/Documents/github_repos/dash-fire-and-ice/Demo_Run/tuanjieLib/libs/arm64-v8a/libil2cpp.so to /Users/guosj-mac-mini/Documents/github_repos/dash-fire-and-ice/Demo_Run/tuanjieLib/build/default/intermediates/libs/default/arm64-v8a/libil2cpp.so successfully.
[2026-01-03T11:14:09.923] [DEBUG] debug-file - Link /Users/guosj-mac-mini/Documents/github_repos/dash-fire-and-ice/Demo_Run/tuanjieLib/libs/arm64-v8a/libc++_shared.so to /Users/guosj-mac-mini/Documents/github_repos/dash-fire-and-ice/Demo_Run/tuanjieLib/build/default/intermediates/libs/default/arm64-v8a/libc++_shared.so successfully.
[2026-01-03T11:14:09.923] [DEBUG] debug-file - tuanjieLib : default@ProcessLibs cost memory 0.53363037109375
[2026-01-03T11:14:09.923] [DEBUG] debug-file - runTaskFromQueue task cost before running: 240 ms 
[2026-01-03T11:14:09.923] [INFO] debug-file - Finished :tuanjieLib:default@ProcessLibs... after 4 ms 
[2026-01-03T11:14:09.923] [DEBUG] debug-file - restool module names: entry,tuanjieLib; moduleName=entry, taskName=default@ProcessResource
[2026-01-03T11:14:09.924] [DEBUG] debug-file - Executing task :entry:default@ProcessResource
[2026-01-03T11:14:09.924] [DEBUG] debug-file - Task 'entry:default@ProcessResource' cost while wrapping incremental declarations: 1 ms 
[2026-01-03T11:14:09.924] [DEBUG] debug-file - entry : default@ProcessResource cost memory 0.14321136474609375
[2026-01-03T11:14:09.924] [DEBUG] debug-file - runTaskFromQueue task cost before running: 242 ms 
[2026-01-03T11:14:09.925] [INFO] debug-file - Finished :entry:default@ProcessResource... after 1 ms 
[2026-01-03T11:14:09.925] [DEBUG] debug-file - Executing task :tuanjieLib:default@DoNativeStrip
[2026-01-03T11:14:09.925] [DEBUG] debug-file - Task 'tuanjieLib:default@DoNativeStrip' cost while wrapping incremental declarations: 1 ms 
[2026-01-03T11:14:09.925] [DEBUG] debug-file - default@DoNativeStrip work[0] is submitted.
[2026-01-03T11:14:09.926] [DEBUG] debug-file - default@DoNativeStrip work[0] is pushed to ready queue.
[2026-01-03T11:14:09.926] [DEBUG] debug-file - A work dispatched to worker[9] failed because unable to get work from ready queue.
[2026-01-03T11:14:09.926] [DEBUG] debug-file - Create  resident worker with id: 8.
[2026-01-03T11:14:09.927] [DEBUG] debug-file - default@DoNativeStrip work[0] has been dispatched to worker[8].
[2026-01-03T11:14:09.927] [DEBUG] debug-file - default@DoNativeStrip work[0] is dispatched.
[2026-01-03T11:14:09.927] [DEBUG] debug-file - tuanjieLib : default@DoNativeStrip cost memory 0.26741790771484375
[2026-01-03T11:14:09.927] [DEBUG] debug-file - restool module names: entry,tuanjieLib; moduleName=entry, taskName=default@CompileResource
[2026-01-03T11:14:09.927] [DEBUG] debug-file - Executing task :entry:default@CompileResource
[2026-01-03T11:14:09.928] [DEBUG] debug-file - Use tool [/Applications/DevEco-Studio.app/Contents/sdk/default/openharmony/toolchains/restool]
 [
  '/Applications/DevEco-Studio.app/Contents/sdk/default/openharmony/toolchains/restool',
  '-l',
  '/Users/guosj-mac-mini/Documents/github_repos/dash-fire-and-ice/Demo_Run/entry/build/default/intermediates/res/default/resConfig.json'
]
[2026-01-03T11:14:09.928] [DEBUG] debug-file - current process  memoryUsage: {
  rss: 278347776,
  heapTotal: 178159616,
  heapUsed: 147215320,
  external: 3517258,
  arrayBuffers: 670541
} os memoryUsage :23.801254272460938
[2026-01-03T11:14:09.942] [DEBUG] debug-file - Info: Pack: normal pack mode

[2026-01-03T11:14:09.997] [DEBUG] debug-file - Info: hardware concurrency count is : 10
Info: thread count is : 10

[2026-01-03T11:14:09.997] [DEBUG] debug-file - Info: thread pool is started

[2026-01-03T11:14:09.997] [DEBUG] debug-file - Info: GenericCompiler::CompileFiles

[2026-01-03T11:14:10.000] [DEBUG] debug-file - Info: GenericCompiler::CompileFiles

[2026-01-03T11:14:10.001] [DEBUG] debug-file - Info: GenericCompiler::CompileFiles

[2026-01-03T11:14:10.003] [DEBUG] debug-file - Info: GenericCompiler::CompileFiles
Warning: '/Users/guosj-mac-mini/Documents/github_repos/dash-fire-and-ice/Demo_Run/tuanjieLib/src/main/resources/base/media/app_splash.png' is defined repeatedly.

[2026-01-03T11:14:10.003] [DEBUG] debug-file - Warning: '/Users/guosj-mac-mini/Documents/github_repos/dash-fire-and-ice/Demo_Run/tuanjieLib/src/main/resources/base/media/ic_launcher_background.png' is defined repeatedly.

[2026-01-03T11:14:10.003] [DEBUG] debug-file - Warning: '/Users/guosj-mac-mini/Documents/github_repos/dash-fire-and-ice/Demo_Run/tuanjieLib/src/main/resources/base/media/ic_launcher_foreground.png' is defined repeatedly.
Warning: '/Users/guosj-mac-mini/Documents/github_repos/dash-fire-and-ice/Demo_Run/tuanjieLib/src/main/resources/base/media/icon.png' is defined repeatedly.
Warning: '/Users/guosj-mac-mini/Documents/github_repos/dash-fire-and-ice/Demo_Run/tuanjieLib/src/main/resources/base/media/layeredIcon.json' is defined repeatedly.

[2026-01-03T11:14:10.003] [DEBUG] debug-file - Info: GenericCompiler::CompileFiles

[2026-01-03T11:14:10.004] [DEBUG] debug-file - Warning: '/Users/guosj-mac-mini/Documents/github_repos/dash-fire-and-ice/Demo_Run/tuanjieLib/src/main/resources/base/profile/main_pages.json' is defined repeatedly.
Warning: 'ShowStaticSplashScreen' conflict, first declared.
at /Users/guosj-mac-mini/Documents/github_repos/dash-fire-and-ice/Demo_Run/entry/src/main/resources/base/element/integer.json
but declared again.
at /Users/guosj-mac-mini/Documents/github_repos/dash-fire-and-ice/Demo_Run/tuanjieLib/src/main/resources/base/element/integer.json
Warning: 'StaticSplashScreenFit' conflict, first declared.
at /Users/guosj-mac-mini/Documents/github_repos/dash-fire-and-ice/Demo_Run/entry/src/main/resources/base/element/integer.json
but declared again.
at /Users/guosj-mac-mini/Documents/github_repos/dash-fire-and-ice/Demo_Run/tuanjieLib/src/main/resources/base/element/integer.json
Warning: 'EntryAbility_desc' conflict, first declared.
at /Users/guosj-mac-mini/Documents/github_repos/dash-fire-and-ice/Demo_Run/entry/src/main/resources/base/element/string.json
but declared again.
at /Users/guosj-mac-mini/Documents/github_repos/dash-fire-and-ice/Demo_Run/tuanjieLib/src/main/resources/base/element/string.json
Warning: 'EntryAbility_desc' conflict, first declared.
at /Users/guosj-mac-mini/Documents/github_repos/dash-fire-and-ice/Demo_Run/entry/src/main/resources/en_US/element/string.json
but declared again.
at /Users/guosj-mac-mini/Documents/github_repos/dash-fire-and-ice/Demo_Run/tuanjieLib/src/main/resources/en_US/element/string.json
Warning: 'EntryAbility_desc' conflict, first declared.
at /Users/guosj-mac-mini/Documents/github_repos/dash-fire-and-ice/Demo_Run/entry/src/main/resources/zh_CN/element/string.json
but declared again.
at /Users/guosj-mac-mini/Documents/github_repos/dash-fire-and-ice/Demo_Run/tuanjieLib/src/main/resources/zh_CN/element/string.json
Warning: 'EntryAbility_label' conflict, first declared.
at /Users/guosj-mac-mini/Documents/github_repos/dash-fire-and-ice/Demo_Run/entry/src/main/resources/base/element/string.json
but declared again.
at /Users/guosj-mac-mini/Documents/github_repos/dash-fire-and-ice/Demo_Run/tuanjieLib/src/main/resources/base/element/string.json
Warning: 'EntryAbility_label' conflict, first declared.
at /Users/guosj-mac-mini/Documents/github_repos/dash-fire-and-ice/Demo_Run/entry/src/main/resources/en_US/element/string.json
but declared again.
at /Users/guosj-mac-mini/Documents/github_repos/dash-fire-and-ice/Demo_Run/tuanjieLib/src/main/resources/en_US/element/string.json
Warning: 'EntryAbility_label' conflict, first declared.
at /Users/guosj-mac-mini/Documents/github_repos/dash-fire-and-ice/Demo_Run/entry/src/main/resources/zh_CN/element/string.json
but declared again.
at /Users/guosj-mac-mini/Documents/github_repos/dash-fire-and-ice/Demo_Run/tuanjieLib/src/main/resources/zh_CN/element/string.json
Warning: 'default_reason' conflict, first declared.
at /Users/guosj-mac-mini/Documents/github_repos/dash-fire-and-ice/Demo_Run/entry/src/main/resources/base/element/string.json
but declared again.
at /Users/guosj-mac-mini/Documents/github_repos/dash-fire-and-ice/Demo_Run/tuanjieLib/src/main/resources/base/element/string.json
Warning: 'default_reason' conflict, first declared.
at /Users/guosj-mac-mini/Documents/github_repos/dash-fire-and-ice/Demo_Run/entry/src/main/resources/en_US/element/string.json
but declared again.
at /Users/guosj-mac-mini/Documents/github_repos/dash-fire-and-ice/Demo_Run/tuanjieLib/src/main/resources/en_US/element/string.json
Warning: 'default_reason' conflict, first declared.
at /Users/guosj-mac-mini/Documents/github_repos/dash-fire-and-ice/Demo_Run/entry/src/main/resources/zh_CN/element/string.json
but declared again.
at /Users/guosj-mac-mini/Documents/github_repos/dash-fire-and-ice/Demo_Run/tuanjieLib/src/main/resources/zh_CN/element/string.json
Warning: 'module_desc' conflict, first declared.
at /Users/guosj-mac-mini/Documents/github_repos/dash-fire-and-ice/Demo_Run/entry/src/main/resources/base/element/string.json
but declared again.
at /Users/guosj-mac-mini/Documents/github_repos/dash-fire-and-ice/Demo_Run/tuanjieLib/src/main/resources/base/element/string.json
Warning: 'module_desc' conflict, first declared.
at /Users/guosj-mac-mini/Documents/github_repos/dash-fire-and-ice/Demo_Run/entry/src/main/resources/en_US/element/string.json
but declared again.
at /Users/guosj-mac-mini/Documents/github_repos/dash-fire-and-ice/Demo_Run/tuanjieLib/src/main/resources/en_US/element/string.json
Warning: 'module_desc' conflict, first declared.
at /Users/guosj-mac-mini/Documents/github_repos/dash-fire-and-ice/Demo_Run/entry/src/main/resources/zh_CN/element/string.json
but declared again.
at /Users/guosj-mac-mini/Documents/github_repos/dash-fire-and-ice/Demo_Run/tuanjieLib/src/main/resources/zh_CN/element/string.json
Warning: 'permission_microphone_reason_desc' conflict, first declared.
at /Users/guosj-mac-mini/Documents/github_repos/dash-fire-and-ice/Demo_Run/entry/src/main/resources/base/element/string.json
but declared again.
at /Users/guosj-mac-mini/Documents/github_repos/dash-fire-and-ice/Demo_Run/tuanjieLib/src/main/resources/base/element/string.json
Warning: 'permission_microphone_reason_desc' conflict, first declared.
at /Users/guosj-mac-mini/Documents/github_repos/dash-fire-and-ice/Demo_Run/entry/src/main/resources/en_US/element/string.json
but declared again.
at /Users/guosj-mac-mini/Documents/github_repos/dash-fire-and-ice/Demo_Run/tuanjieLib/src/main/resources/en_US/element/string.json
Warning: 'permission_microphone_reason_desc' conflict, first declared.
at /Users/guosj-mac-mini/Documents/github_repos/dash-fire-and-ice/Demo_Run/entry/src/main/resources/zh_CN/element/string.json
but declared again.
at /Users/guosj-mac-mini/Documents/github_repos/dash-fire-and-ice/Demo_Run/tuanjieLib/src/main/resources/zh_CN/element/string.json
Warning: 'start_window_background' conflict, first declared.
at /Users/guosj-mac-mini/Documents/github_repos/dash-fire-and-ice/Demo_Run/entry/src/main/resources/base/element/color.json
but declared again.
at /Users/guosj-mac-mini/Documents/github_repos/dash-fire-and-ice/Demo_Run/tuanjieLib/src/main/resources/base/element/color.json

[2026-01-03T11:14:10.008] [DEBUG] debug-file - 01-03 11:14:10.005 21031 445000672 E C01400/ImageTranscoderUtils: DecodeToRGBA IN
01-03 11:14:10.008 21031 445000672 E C01400/ImageTranscoderUtils: ImageFilter IN /Users/guosj-mac-mini/Documents/github_repos/dash-fire-and-ice/Demo_Run/AppScope/resources/base/media/app_icon.png

[2026-01-03T11:14:10.013] [DEBUG] debug-file - 01-03 11:14:10.013 21031 445000672 E C01400/ImageTranscoder: TranscodeSLR Only zoom-out is supported.

[2026-01-03T11:14:10.013] [DEBUG] debug-file - Warning: ScaleImage failed, error message: INVALID_PARAMETERS, file path = /Users/guosj-mac-mini/Documents/github_repos/dash-fire-and-ice/Demo_Run/AppScope/resources/base/media/app_icon.png

[2026-01-03T11:14:10.014] [DEBUG] debug-file - 01-03 11:14:10.013 21031 445000672 E C01400/ImageTranscoderUtils: DecodeToRGBA IN
01-03 11:14:10.013 21031 445000672 E C01400/ImageTranscoderUtils: ImageFilter IN /Users/guosj-mac-mini/Documents/github_repos/dash-fire-and-ice/Demo_Run/entry/src/main/resources/base/media/icon.png

[2026-01-03T11:14:10.014] [DEBUG] debug-file - 01-03 11:14:10.014 21031 445000672 E C01400/ImageTranscoder: TranscodeSLR Only zoom-out is supported.
Warning: ScaleImage failed, error message: INVALID_PARAMETERS, file path = /Users/guosj-mac-mini/Documents/github_repos/dash-fire-and-ice/Demo_Run/entry/src/main/resources/base/media/icon.png
Warning: The width or height of the png file referenced by the icon exceeds the limit (41 pixels)
at /Users/guosj-mac-mini/Documents/github_repos/dash-fire-and-ice/Demo_Run/AppScope/resources/base/media/app_icon.png
Warning: The width or height of the png file referenced by the icon exceeds the limit (41 pixels)
at /Users/guosj-mac-mini/Documents/github_repos/dash-fire-and-ice/Demo_Run/entry/src/main/resources/base/media/icon.png

[2026-01-03T11:14:10.014] [DEBUG] debug-file - Warning: The width or height of the png file referenced by the startWindowIcon exceeds the limit (144 pixels)
at /Users/guosj-mac-mini/Documents/github_repos/dash-fire-and-ice/Demo_Run/AppScope/resources/base/media/start_icon.png

[2026-01-03T11:14:10.027] [DEBUG] debug-file - Info: restool resources compile success.

[2026-01-03T11:14:10.027] [DEBUG] debug-file - Info: thread pool is stopped

[2026-01-03T11:14:10.030] [DEBUG] debug-file - entry : default@CompileResource cost memory 0.8042526245117188
[2026-01-03T11:14:10.030] [DEBUG] debug-file - runTaskFromQueue task cost before running: 348 ms 
[2026-01-03T11:14:10.030] [INFO] debug-file - Finished :entry:default@CompileResource... after 103 ms 
[2026-01-03T11:14:10.030] [DEBUG] debug-file - Executing task :entry:default@CompileArkTS
[2026-01-03T11:14:10.031] [DEBUG] debug-file - obfuscationOptions: undefined
[2026-01-03T11:14:10.032] [DEBUG] debug-file - Task 'entry:default@CompileArkTS' cost while wrapping incremental declarations: 1 ms 
[2026-01-03T11:14:10.036] [DEBUG] debug-file - build config:
[2026-01-03T11:14:10.036] [DEBUG] debug-file - {
  moduleType: 'entry',
  perf: 0,
  targetName: '.default',
  packageManagerType: 'ohpm',
  localPropertiesPath: '/Users/guosj-mac-mini/Documents/github_repos/dash-fire-and-ice/Demo_Run/local.properties',
  isPreview: false,
  isOhosTest: false,
  isLocalTest: false,
  buildMode: 'Debug',
  hotReloadBuild: undefined,
  watchMode: 'false',
  aceProfilePath: '/Users/guosj-mac-mini/Documents/github_repos/dash-fire-and-ice/Demo_Run/entry/build/default/intermediates/res/default/resources/base/profile',
  etsLoaderPath: '/Applications/DevEco-Studio.app/Contents/sdk/default/openharmony/ets/build-tools/ets-loader',
  modulePath: '/Users/guosj-mac-mini/Documents/github_repos/dash-fire-and-ice/Demo_Run/entry',
  testFrameworkPar: {
    testMode: undefined,
    coveragePathFilter: undefined,
    coverageMode: undefined
  },
  needCoverageInsert: false,
  debugLine: false,
  projectTopDir: '/Users/guosj-mac-mini/Documents/github_repos/dash-fire-and-ice/Demo_Run',
  compileSdkVersion: 21,
  compatibleSdkVersion: 14,
  originCompatibleSdkVersion: '5.0.2(14)',
  compatibleSdkVersionStage: undefined,
  bundleName: 'c***o',
  etsLoaderVersion: '6.0.1.112',
  etsLoaderReleaseType: 'Release',
  aotCompileMode: 'type',
  apPath: '/Users/guosj-mac-mini/Documents/github_repos/dash-fire-and-ice/Demo_Run/entry/modules.ap',
  entryModuleName: 'entry',
  entryModuleVersion: '1.0.0',
  entryPackageName: 'entry',
  allModuleNameHash: '6f140e082ab526168e8b89ff0592881a63d974d23b6898c304a1c477a8a08596',
  externalApiPaths: [ '/Applications/DevEco-Studio.app/Contents/sdk/default/hms/ets' ],
  compilerTypes: [],
  isCrossplatform: false,
  hvigorPluginFile: undefined,
  compilePluginPath: undefined,
  buildGeneratedProfilePath: '/Users/guosj-mac-mini/Documents/github_repos/dash-fire-and-ice/Demo_Run/entry/build/default/generated/profile/default',
  bundleType: 'app',
  arkTSVersion: undefined,
  apiVersion: 21,
  needCompleteSourcesMap: false,
  isFaMode: false,
  buildDir: '/Users/guosj-mac-mini/Documents/github_repos/dash-fire-and-ice/Demo_Run/entry/build',
  deviceTypes: [ 'phone', 'tablet', '2in1' ],
  pkgContextInfo: undefined,
  ohPackagePathMap: {},
  dependencyAliasMap: {},
  permission: { requestPermissions: [ [Object] ], definePermissions: undefined },
  integratedHsp: false,
  projectArkOption: undefined,
  sourceMapDir: undefined,
  branchElimination: false,
  transformLib: undefined,
  tsImportSendable: false,
  resolveConflictMode: true,
  depName2RootPath: {},
  depName2DepInfo: {},
  rootPathSet: [
    '/Users/guosj-mac-mini/Documents/github_repos/dash-fire-and-ice/Demo_Run'
  ],
  useNativeResolver: true,
  shouldEmitJs: true,
  useTscResolve: false,
  singleFileEmit: false,
  userProjectConfig: {
    autoLazyImport: false,
    allowEmptyBundleName: false,
    reExportCheckMode: 'noCheck',
    executionMode: 'memory',
    usePathPlaceholder: false,
    writeRollupCache: true,
    isExpandImportEnabled: false,
    expandImportExclude: '',
    lazyImportExclude: '',
    lazyImportInclude: '',
    ignoreCrossplatformCheck: false,
    isHarDeduplicateEnabled: false,
    enableStrictCheckOHModule: false,
    useDeclarationFileSignature: false,
    isPreloadSoEnabled: false
  },
  skipOhModulesLint: false,
  executionMode: 'memory',
  arkCompileCachePath: '/Users/guosj-mac-mini/Documents/github_repos/dash-fire-and-ice/Demo_Run/entry/build/default/cache/default/default@CompileArkTS/esmodule',
  autoLazyFilter: undefined,
  isHarDeduplicateEnabled: false,
  intermediateHarDuplicateDirPath: '/Users/guosj-mac-mini/Documents/github_repos/dash-fire-and-ice/Demo_Run/entry/build/default/intermediates/har_duplicate/default',
  autoLazyImport: false,
  allowEmptyBundleName: false,
  reExportCheckMode: 'noCheck',
  usePathPlaceholder: false,
  writeRollupCache: true,
  isExpandImportEnabled: false,
  expandImportExclude: '',
  lazyImportExclude: '',
  lazyImportInclude: '',
  ignoreCrossplatformCheck: false,
  enableStrictCheckOHModule: false,
  useDeclarationFileSignature: false,
  isPreloadSoEnabled: false,
  strictMode: undefined,
  useNormalizedOHMUrl: false,
  caseSensitiveCheck: false,
  aceModuleJsonPath: '/Users/guosj-mac-mini/Documents/github_repos/dash-fire-and-ice/Demo_Run/entry/build/default/intermediates/res/default/ark_module.json',
  appResource: '/Users/guosj-mac-mini/Documents/github_repos/dash-fire-and-ice/Demo_Run/entry/build/default/intermediates/res/default/ResourceTable.txt',
  rawFileResource: '/Users/guosj-mac-mini/Documents/github_repos/dash-fire-and-ice/Demo_Run/entry/build/default/intermediates/res/default/resources/rawfile',
  resourceTableHash: 'a69b4e1c07cb8b6b6342eb269f1ad13a5ebc8093c501847769a50b7e90c12a56',
  runtimeOS: 'HarmonyOS',
  sdkInfo: 'false:21:6.0.1.112:Release',
  aceModuleRoot: '/Users/guosj-mac-mini/Documents/github_repos/dash-fire-and-ice/Demo_Run/entry/src/main/ets',
  compileMode: 'esmodule',
  aceSuperVisualPath: '/Users/guosj-mac-mini/Documents/github_repos/dash-fire-and-ice/Demo_Run/entry/src/main/supervisual',
  aceBuildJson: '/Users/guosj-mac-mini/Documents/github_repos/dash-fire-and-ice/Demo_Run/entry/build/default/intermediates/loader/default/loader.json',
  cachePath: '/Users/guosj-mac-mini/Documents/github_repos/dash-fire-and-ice/Demo_Run/entry/build/default/cache/default/default@CompileArkTS/esmodule/debug',
  aceModuleBuild: '/Users/guosj-mac-mini/Documents/github_repos/dash-fire-and-ice/Demo_Run/entry/build/default/intermediates/loader_out/default/ets',
  supportChunks: true,
  declaredFilesPath: undefined,
  shouldCollectDirectImportees: false,
  isByteCodeHarOptimize: false,
  expandImportPath: undefined,
  pkgNameToPkgBriefInfo: {
    tuanjieLib: {
      pkgRoot: '/Users/guosj-mac-mini/Documents/github_repos/dash-fire-and-ice/Demo_Run/tuanjieLib',
      pkgName: 'tuanjieLib',
      sourceRoots: [Array],
      originalSourceRoots: undefined
    },
    entry: {
      pkgRoot: '/Users/guosj-mac-mini/Documents/github_repos/dash-fire-and-ice/Demo_Run/entry',
      originalSourceRoots: undefined,
      sourceRoots: [Array],
      pkgName: 'entry'
    }
  },
  projectModel: {
    '/Users/guosj-mac-mini/Documents/github_repos/dash-fire-and-ice/Demo_Run/entry/src/main': {
      moduleName: 'entry',
      modulePkgPath: '/Users/guosj-mac-mini/Documents/github_repos/dash-fire-and-ice/Demo_Run/entry',
      belongProjectPath: '/Users/guosj-mac-mini/Documents/github_repos/dash-fire-and-ice/Demo_Run'
    },
    '/Users/guosj-mac-mini/Documents/github_repos/dash-fire-and-ice/Demo_Run/entry': {
      moduleName: 'entry',
      modulePkgPath: '/Users/guosj-mac-mini/Documents/github_repos/dash-fire-and-ice/Demo_Run/entry',
      belongProjectPath: '/Users/guosj-mac-mini/Documents/github_repos/dash-fire-and-ice/Demo_Run'
    },
    '/Users/guosj-mac-mini/Documents/github_repos/dash-fire-and-ice/Demo_Run/tuanjieLib/src/main': {
      moduleName: 'tuanjieLib',
      modulePkgPath: '/Users/guosj-mac-mini/Documents/github_repos/dash-fire-and-ice/Demo_Run/tuanjieLib',
      belongProjectPath: '/Users/guosj-mac-mini/Documents/github_repos/dash-fire-and-ice/Demo_Run'
    },
    '/Users/guosj-mac-mini/Documents/github_repos/dash-fire-and-ice/Demo_Run/tuanjieLib': {
      moduleName: 'tuanjieLib',
      modulePkgPath: '/Users/guosj-mac-mini/Documents/github_repos/dash-fire-and-ice/Demo_Run/tuanjieLib',
      belongProjectPath: '/Users/guosj-mac-mini/Documents/github_repos/dash-fire-and-ice/Demo_Run'
    },
    '/Users/guosj-mac-mini/Documents/github_repos/dash-fire-and-ice/Demo_Run': {
      moduleName: 'Demo_Run',
      modulePkgPath: '/Users/guosj-mac-mini/Documents/github_repos/dash-fire-and-ice/Demo_Run',
      belongProjectPath: '/Users/guosj-mac-mini/Documents/github_repos/dash-fire-and-ice/Demo_Run'
    }
  },
  pkgJsonFileHash: '0203e609d16ddb8acc2fca264b5d1e881da7d7f49e281d66605193b860c293d5',
  allModulePaths: [
    '/Users/guosj-mac-mini/Documents/github_repos/dash-fire-and-ice/Demo_Run/entry',
    '/Users/guosj-mac-mini/Documents/github_repos/dash-fire-and-ice/Demo_Run/tuanjieLib'
  ],
  routerMap: {},
  obfuscationOptions: undefined,
  byteCodeHarToDependencyKeys: undefined,
  compileBlockPkg: [],
  mockParams: {
    decorator: '@MockSetup',
    packageName: '@ohos/hamock',
    etsSourceRootPath: 'src/main/ets',
    mockConfigPath: undefined,
    mockConfigKey2ModuleInfo: {},
    source2ModuleIdMap: {}
  },
  copyCodeResourceEnable: true,
  copyCodeResourceExcludes: [],
  copyCodeResourceIncludes: undefined,
  uiTransformOptimization: false,
  sdkPath: '/Applications/DevEco-Studio.app/Contents/sdk',
  needPreloadSoFileSet: {},
  preloadSoFilePath: '/Users/guosj-mac-mini/Documents/github_repos/dash-fire-and-ice/Demo_Run/entry/build/default/intermediates/preload/default/preload.json',
  useSourceHash: false,
  localModuleParamMap: {},
  otherPaths: {
    'tuanjieLib/*': [
      '../../../../tuanjieLib/src/main/*',
      '../../../../tuanjieLib/build/default/generated/profile/default/*'
    ],
    'entry/*': [ '../*', '../../../build/default/generated/profile/default/*' ]
  },
  collectImportersConfig: undefined
}
[2026-01-03T11:14:10.036] [DEBUG] debug-file - Compile arkts with external api path: /Applications/DevEco-Studio.app/Contents/sdk/default/hms/ets
[2026-01-03T11:14:10.036] [DEBUG] debug-file - default@CompileArkTS work[1] is submitted.
[2026-01-03T11:14:10.036] [DEBUG] debug-file - default@CompileArkTS work[1] is pushed to ready queue.
[2026-01-03T11:14:10.036] [DEBUG] debug-file - A work dispatched to worker[9] failed because unable to get work from ready queue.
[2026-01-03T11:14:10.036] [DEBUG] debug-file - A work dispatched to worker[8] failed because of worker busy.
[2026-01-03T11:14:10.036] [DEBUG] debug-file - A work dispatched to worker[7] failed because unable to get work from ready queue.
[2026-01-03T11:14:10.036] [DEBUG] debug-file - A work dispatched to worker[6] failed because unable to get work from ready queue.
[2026-01-03T11:14:10.036] [DEBUG] debug-file - A work dispatched to worker[5] failed because unable to get work from ready queue.
[2026-01-03T11:14:10.036] [DEBUG] debug-file - Create  resident worker with id: 4.
[2026-01-03T11:14:10.037] [DEBUG] debug-file - default@CompileArkTS work[1] has been dispatched to worker[4].
[2026-01-03T11:14:10.037] [DEBUG] debug-file - default@CompileArkTS work[1] is dispatched.
[2026-01-03T11:14:10.037] [DEBUG] debug-file - CopyResources startTime: 7519193030333791
[2026-01-03T11:14:10.037] [DEBUG] debug-file - default@CompileArkTS work[2] is submitted.
[2026-01-03T11:14:10.037] [DEBUG] debug-file - default@CompileArkTS work[2] is pushed to ready queue.
[2026-01-03T11:14:10.037] [DEBUG] debug-file - A work dispatched to worker[9] failed because unable to get work from ready queue.
[2026-01-03T11:14:10.037] [DEBUG] debug-file - A work dispatched to worker[8] failed because of worker busy.
[2026-01-03T11:14:10.037] [DEBUG] debug-file - Create  resident worker with id: 7.
[2026-01-03T11:14:10.037] [DEBUG] debug-file - default@CompileArkTS work[2] has been dispatched to worker[7].
[2026-01-03T11:14:10.037] [DEBUG] debug-file - default@CompileArkTS work[2] is dispatched.
[2026-01-03T11:14:10.037] [DEBUG] debug-file - entry : default@CompileArkTS cost memory 2.2342376708984375
[2026-01-03T11:14:10.037] [DEBUG] debug-file - Executing task :entry:default@BuildJS
[2026-01-03T11:14:10.037] [DEBUG] debug-file - Task 'entry:default@BuildJS' cost while wrapping incremental declarations: 1 ms 
[2026-01-03T11:14:10.038] [DEBUG] debug-file - entry : default@BuildJS cost memory 0.12564849853515625
[2026-01-03T11:14:10.038] [DEBUG] debug-file - runTaskFromQueue task cost before running: 356 ms 
[2026-01-03T11:14:10.038] [INFO] debug-file - Finished :entry:default@BuildJS... after 1 ms 
[2026-01-03T11:14:10.196] [DEBUG] debug-file - Do not need strip, copying .so files to stripped_native_libs
[2026-01-03T11:14:10.202] [DEBUG] debug-file - Link /Users/guosj-mac-mini/Documents/github_repos/dash-fire-and-ice/Demo_Run/tuanjieLib/build/default/intermediates/libs/default/arm64-v8a/libtuanjie.so to /Users/guosj-mac-mini/Documents/github_repos/dash-fire-and-ice/Demo_Run/tuanjieLib/build/default/intermediates/stripped_native_libs/default/arm64-v8a/libtuanjie.so successfully.
[2026-01-03T11:14:10.202] [DEBUG] debug-file - Link /Users/guosj-mac-mini/Documents/github_repos/dash-fire-and-ice/Demo_Run/tuanjieLib/build/default/intermediates/libs/default/arm64-v8a/libc++_shared.so to /Users/guosj-mac-mini/Documents/github_repos/dash-fire-and-ice/Demo_Run/tuanjieLib/build/default/intermediates/stripped_native_libs/default/arm64-v8a/libc++_shared.so successfully.
[2026-01-03T11:14:10.202] [DEBUG] debug-file - Link /Users/guosj-mac-mini/Documents/github_repos/dash-fire-and-ice/Demo_Run/tuanjieLib/build/default/intermediates/libs/default/arm64-v8a/libil2cpp.so to /Users/guosj-mac-mini/Documents/github_repos/dash-fire-and-ice/Demo_Run/tuanjieLib/build/default/intermediates/stripped_native_libs/default/arm64-v8a/libil2cpp.so successfully.
[2026-01-03T11:14:10.202] [DEBUG] debug-file - worker[8] has one work done.
[2026-01-03T11:14:10.202] [DEBUG] debug-file - default@DoNativeStrip work[0] done.
[2026-01-03T11:14:10.203] [INFO] debug-file - Finished :tuanjieLib:default@DoNativeStrip... after 8 ms 
[2026-01-03T11:14:10.203] [DEBUG] debug-file - Executing task :entry:default@BuildNativeWithNinja
[2026-01-03T11:14:10.203] [DEBUG] debug-file - entry : default@BuildNativeWithNinja cost memory 0.02635955810546875
[2026-01-03T11:14:10.203] [DEBUG] debug-file - runTaskFromQueue task cost before running: 521 ms 
[2026-01-03T11:14:10.203] [INFO] debug-file - Finished :entry:default@BuildNativeWithNinja... after 1 ms 
[2026-01-03T11:14:10.203] [DEBUG] debug-file - Executing task :entry:default@ProcessLibs
[2026-01-03T11:14:10.205] [DEBUG] debug-file - Worker dispatch failed, running processLibs on main thread.
[2026-01-03T11:14:10.270] [DEBUG] debug-file - worker[7] has one work done.
[2026-01-03T11:14:10.271] [DEBUG] debug-file - CopyResources is end, endTime: 7519193264267791
[2026-01-03T11:14:10.271] [DEBUG] debug-file - default@CompileArkTS work[2] done.
[2026-01-03T11:14:10.271] [DEBUG] debug-file - A work dispatched to worker[7] failed because unable to get work from ready queue.
[2026-01-03T11:14:10.274] [DEBUG] debug-file - Same checksum for /Users/guosj-mac-mini/Documents/github_repos/dash-fire-and-ice/Demo_Run/tuanjieLib/build/default/intermediates/libs/default/arm64-v8a/libil2cpp.so | /Users/guosj-mac-mini/Documents/github_repos/dash-fire-and-ice/Demo_Run/tuanjieLib/libs/arm64-v8a/libil2cpp.so.
[2026-01-03T11:14:10.302] [DEBUG] debug-file - A work dispatched to worker[8] failed because unable to get work from ready queue.
[2026-01-03T11:14:10.336] [DEBUG] debug-file - Same checksum for /Users/guosj-mac-mini/Documents/github_repos/dash-fire-and-ice/Demo_Run/tuanjieLib/build/default/intermediates/libs/default/arm64-v8a/libtuanjie.so | /Users/guosj-mac-mini/Documents/github_repos/dash-fire-and-ice/Demo_Run/tuanjieLib/libs/arm64-v8a/libtuanjie.so.
[2026-01-03T11:14:10.336] [DEBUG] debug-file - Link /Users/guosj-mac-mini/Documents/github_repos/dash-fire-and-ice/Demo_Run/tuanjieLib/build/default/intermediates/libs/default/arm64-v8a/libc++_shared.so to /Users/guosj-mac-mini/Documents/github_repos/dash-fire-and-ice/Demo_Run/entry/build/default/intermediates/libs/default/arm64-v8a/libc++_shared.so successfully.
[2026-01-03T11:14:10.337] [DEBUG] debug-file - Link /Users/guosj-mac-mini/Documents/github_repos/dash-fire-and-ice/Demo_Run/tuanjieLib/build/default/intermediates/libs/default/arm64-v8a/libil2cpp.so to /Users/guosj-mac-mini/Documents/github_repos/dash-fire-and-ice/Demo_Run/entry/build/default/intermediates/libs/default/arm64-v8a/libil2cpp.so successfully.
[2026-01-03T11:14:10.337] [DEBUG] debug-file - Link /Users/guosj-mac-mini/Documents/github_repos/dash-fire-and-ice/Demo_Run/tuanjieLib/build/default/intermediates/libs/default/arm64-v8a/libtuanjie.so to /Users/guosj-mac-mini/Documents/github_repos/dash-fire-and-ice/Demo_Run/entry/build/default/intermediates/libs/default/arm64-v8a/libtuanjie.so successfully.
[2026-01-03T11:14:10.337] [DEBUG] debug-file - entry : default@ProcessLibs cost memory -9.086822509765625
[2026-01-03T11:14:10.337] [DEBUG] debug-file - runTaskFromQueue task cost before running: 655 ms 
[2026-01-03T11:14:10.337] [INFO] debug-file - Finished :entry:default@ProcessLibs... after 134 ms 
[2026-01-03T11:14:10.337] [DEBUG] debug-file - Executing task :entry:default@DoNativeStrip
[2026-01-03T11:14:10.338] [DEBUG] debug-file - Task 'entry:default@DoNativeStrip' cost while wrapping incremental declarations: 1 ms 
[2026-01-03T11:14:10.338] [DEBUG] debug-file - default@DoNativeStrip work[3] is submitted.
[2026-01-03T11:14:10.338] [DEBUG] debug-file - default@DoNativeStrip work[3] is pushed to ready queue.
[2026-01-03T11:14:10.338] [DEBUG] debug-file - A work dispatched to worker[9] failed because unable to get work from ready queue.
[2026-01-03T11:14:10.338] [DEBUG] debug-file - default@DoNativeStrip work[3] has been dispatched to worker[8].
[2026-01-03T11:14:10.338] [DEBUG] debug-file - default@DoNativeStrip work[3] is dispatched.
[2026-01-03T11:14:10.338] [DEBUG] debug-file - entry : default@DoNativeStrip cost memory 0.13762664794921875
[2026-01-03T11:14:10.338] [DEBUG] debug-file - Do not need strip, copying .so files to stripped_native_libs
[2026-01-03T11:14:10.339] [DEBUG] debug-file - Link /Users/guosj-mac-mini/Documents/github_repos/dash-fire-and-ice/Demo_Run/entry/build/default/intermediates/libs/default/arm64-v8a/libc++_shared.so to /Users/guosj-mac-mini/Documents/github_repos/dash-fire-and-ice/Demo_Run/entry/build/default/intermediates/stripped_native_libs/default/arm64-v8a/libc++_shared.so successfully.
[2026-01-03T11:14:10.339] [DEBUG] debug-file - Link /Users/guosj-mac-mini/Documents/github_repos/dash-fire-and-ice/Demo_Run/entry/build/default/intermediates/libs/default/arm64-v8a/libtuanjie.so to /Users/guosj-mac-mini/Documents/github_repos/dash-fire-and-ice/Demo_Run/entry/build/default/intermediates/stripped_native_libs/default/arm64-v8a/libtuanjie.so successfully.
[2026-01-03T11:14:10.339] [DEBUG] debug-file - Link /Users/guosj-mac-mini/Documents/github_repos/dash-fire-and-ice/Demo_Run/entry/build/default/intermediates/libs/default/arm64-v8a/libil2cpp.so to /Users/guosj-mac-mini/Documents/github_repos/dash-fire-and-ice/Demo_Run/entry/build/default/intermediates/stripped_native_libs/default/arm64-v8a/libil2cpp.so successfully.
[2026-01-03T11:14:10.339] [DEBUG] debug-file - worker[8] has one work done.
[2026-01-03T11:14:10.340] [DEBUG] debug-file - default@DoNativeStrip work[3] done.
[2026-01-03T11:14:10.340] [DEBUG] debug-file - A work dispatched to worker[8] failed because unable to get work from ready queue.
[2026-01-03T11:14:10.340] [INFO] debug-file - Finished :entry:default@DoNativeStrip... after 2 ms 
[2026-01-03T11:14:10.340] [DEBUG] debug-file - Executing task :entry:default@CacheNativeLibs
[2026-01-03T11:14:10.340] [DEBUG] debug-file - Task 'entry:default@CacheNativeLibs' cost while wrapping incremental declarations: 1 ms 
[2026-01-03T11:14:10.340] [DEBUG] debug-file - default@CacheNativeLibs work[4] is submitted.
[2026-01-03T11:14:10.340] [DEBUG] debug-file - default@CacheNativeLibs work[4] is pushed to ready queue.
[2026-01-03T11:14:10.340] [DEBUG] debug-file - A work dispatched to worker[9] failed because unable to get work from ready queue.
[2026-01-03T11:14:10.340] [DEBUG] debug-file - default@CacheNativeLibs work[4] has been dispatched to worker[8].
[2026-01-03T11:14:10.340] [DEBUG] debug-file - default@CacheNativeLibs work[4] is dispatched.
[2026-01-03T11:14:10.340] [DEBUG] debug-file - entry : default@CacheNativeLibs cost memory 0.1037750244140625
[2026-01-03T11:14:10.341] [DEBUG] debug-file - worker[8] has one work done.
[2026-01-03T11:14:10.341] [DEBUG] debug-file - default@CacheNativeLibs work[4] done.
[2026-01-03T11:14:10.341] [DEBUG] debug-file - A work dispatched to worker[8] failed because unable to get work from ready queue.
[2026-01-03T11:14:10.341] [INFO] debug-file - Finished :entry:default@CacheNativeLibs... after 1 ms 
[2026-01-03T11:14:13.063] [WARN] debug-file - [33mWARN: [33m[33mArkTS:WARN File: /Users/guosj-mac-mini/Documents/github_repos/dash-fire-and-ice/Demo_Run/tuanjieLib/src/main/ets/workers/MessageProcessor.ets:13:5
 Usage of 'ESObject' type is restricted (arkts-limited-esobj)
[39m[39m
[33mWARN: [33m[33mArkTS:WARN File: /Users/guosj-mac-mini/Documents/github_repos/dash-fire-and-ice/Demo_Run/tuanjieLib/src/main/ets/workers/MessageProcessor.ets:26:5
 Usage of 'ESObject' type is restricted (arkts-limited-esobj)
[39m[39m
[33mWARN: [33m[33mArkTS:WARN File: /Users/guosj-mac-mini/Documents/github_repos/dash-fire-and-ice/Demo_Run/tuanjieLib/src/main/ets/workers/MessageProcessor.ets:43:13
 Usage of 'ESObject' type is restricted (arkts-limited-esobj)
[39m[39m
[33mWARN: [33m[33mArkTS:WARN File: /Users/guosj-mac-mini/Documents/github_repos/dash-fire-and-ice/Demo_Run/tuanjieLib/src/main/ets/workers/MessageProcessor.ets:45:13
 Usage of 'ESObject' type is restricted (arkts-limited-esobj)
[39m[39m
[33mWARN: [33m[33mArkTS:WARN File: /Users/guosj-mac-mini/Documents/github_repos/dash-fire-and-ice/Demo_Run/tuanjieLib/src/main/ets/common/PlayerPrefs.ets:200:76
 Classes cannot be used as objects (arkts-no-classes-as-obj)
[39m[39m
[33mWARN: [33m[33mArkTS:WARN File: /Users/guosj-mac-mini/Documents/github_repos/dash-fire-and-ice/Demo_Run/tuanjieLib/src/main/ets/utils/SoftInputUtils.ets:8:3
 "globalThis" is not supported (arkts-no-globalthis)
[39m[39m
[33mWARN: [33m[33mArkTS:WARN File: /Users/guosj-mac-mini/Documents/github_repos/dash-fire-and-ice/Demo_Run/tuanjieLib/src/main/ets/utils/SoftInputUtils.ets:9:3
 "globalThis" is not supported (arkts-no-globalthis)
[39m[39m
[33mWARN: [33m[33mArkTS:WARN File: /Users/guosj-mac-mini/Documents/github_repos/dash-fire-and-ice/Demo_Run/tuanjieLib/src/main/ets/utils/SoftInputUtils.ets:16:4
 "globalThis" is not supported (arkts-no-globalthis)
[39m[39m
[33mWARN: [33m[33mArkTS:WARN File: /Users/guosj-mac-mini/Documents/github_repos/dash-fire-and-ice/Demo_Run/tuanjieLib/src/main/ets/utils/SystemSettings.ets:39:76
 Classes cannot be used as objects (arkts-no-classes-as-obj)
[39m[39m
[33mWARN: [33m[33mArkTS:WARN File: /Users/guosj-mac-mini/Documents/github_repos/dash-fire-and-ice/Demo_Run/tuanjieLib/src/main/ets/utils/TuanjieInternet.ets:39:76
 Classes cannot be used as objects (arkts-no-classes-as-obj)
[39m[39m
[33mWARN: [33m[33mArkTS:WARN File: /Users/guosj-mac-mini/Documents/github_repos/dash-fire-and-ice/Demo_Run/tuanjieLib/src/main/ets/utils/TuanjieOpenURL.ets:10:36
 "globalThis" is not supported (arkts-no-globalthis)
[39m[39m
[33mWARN: [33m[33mArkTS:WARN File: /Users/guosj-mac-mini/Documents/github_repos/dash-fire-and-ice/Demo_Run/tuanjieLib/src/main/ets/utils/TuanjiePermissions.ets:22:29
 "globalThis" is not supported (arkts-no-globalthis)
[39m[39m
[33mWARN: [33m[33mArkTS:WARN File: /Users/guosj-mac-mini/Documents/github_repos/dash-fire-and-ice/Demo_Run/tuanjieLib/src/main/ets/utils/TuanjiePermissions.ets:117:76
 Classes cannot be used as objects (arkts-no-classes-as-obj)
[39m[39m
[33mWARN: [33m[33mArkTS:WARN File: /Users/guosj-mac-mini/Documents/github_repos/dash-fire-and-ice/Demo_Run/tuanjieLib/src/main/ets/workers/Init.ets:6:20
 Classes cannot be used as objects (arkts-no-classes-as-obj)
[39m[39m
[33mWARN: [33m[33mArkTS:WARN File: /Users/guosj-mac-mini/Documents/github_repos/dash-fire-and-ice/Demo_Run/tuanjieLib/src/main/ets/workers/Init.ets:6:32
 Classes cannot be used as objects (arkts-no-classes-as-obj)
[39m[39m
[33mWARN: [33m[33mArkTS:WARN File: /Users/guosj-mac-mini/Documents/github_repos/dash-fire-and-ice/Demo_Run/tuanjieLib/src/main/ets/ability/TuanjiePlayerAbilityBase.ets:26:7
 "globalThis" is not supported (arkts-no-globalthis)
[39m[39m
[33mWARN: [33m[33mArkTS:WARN File: /Users/guosj-mac-mini/Documents/github_repos/dash-fire-and-ice/Demo_Run/tuanjieLib/src/main/ets/ability/TuanjiePlayerAbilityBase.ets:31:7
 "globalThis" is not supported (arkts-no-globalthis)
[39m[39m
[33mWARN: [33m[33mArkTS:WARN File: /Users/guosj-mac-mini/Documents/github_repos/dash-fire-and-ice/Demo_Run/tuanjieLib/src/main/ets/ability/TuanjiePlayerAbilityBase.ets:36:5
 "globalThis" is not supported (arkts-no-globalthis)
[39m[39m
[33mWARN: [33m[33mArkTS:WARN File: /Users/guosj-mac-mini/Documents/github_repos/dash-fire-and-ice/Demo_Run/tuanjieLib/src/main/ets/utils/GalleryManager.ets:5:32
 Classes cannot be used as objects (arkts-no-classes-as-obj)
[39m[39m
[33mWARN: [33m[33mArkTS:WARN File: /Users/guosj-mac-mini/Documents/github_repos/dash-fire-and-ice/Demo_Run/tuanjieLib/src/main/ets/utils/GalleryManager.ets:13:9
 Usage of 'ESObject' type is restricted (arkts-limited-esobj)
[39m[39m
[33mWARN: [33m[33mArkTS:WARN File: /Users/guosj-mac-mini/Documents/github_repos/dash-fire-and-ice/Demo_Run/tuanjieLib/src/main/ets/utils/GalleryManager.ets:25:9
 Usage of 'ESObject' type is restricted (arkts-limited-esobj)
[39m[39m
[33mWARN: [33m[33mArkTS:WARN File: /Users/guosj-mac-mini/Documents/github_repos/dash-fire-and-ice/Demo_Run/tuanjieLib/src/main/ets/utils/WebviewControl.ets:11:5
 "globalThis" is not supported (arkts-no-globalthis)
[39m[39m
[33mWARN: [33m[33mArkTS:WARN File: /Users/guosj-mac-mini/Documents/github_repos/dash-fire-and-ice/Demo_Run/tuanjieLib/src/main/ets/utils/WebviewControl.ets:116:32
 Classes cannot be used as objects (arkts-no-classes-as-obj)
[39m[39m
[33mWARN: [33m[33mArkTS:WARN: For details about ArkTS syntax errors, see FAQs[39m[39m
[33mWARN: [33m[33mArkTS:WARN File: /Users/guosj-mac-mini/Documents/github_repos/dash-fire-and-ice/Demo_Run/tuanjieLib/src/main/ets/utils/TuanjieNative.ets:1:21
 Currently module for 'libtuanjie.so' is not verified. If you're importing napi, its verification will be enabled in later SDK version. Please make sure the corresponding .d.ts file is provided and the napis are correctly declared.
[39m[39m
[33mWARN: [33m[33mArkTS:WARN File: /Users/guosj-mac-mini/Documents/github_repos/dash-fire-and-ice/Demo_Run/tuanjieLib/src/main/ets/common/PlayerPrefs.ets:21:33
 Function may throw exceptions. Special handling is required.
[39m[39m
[33mWARN: [33m[33mArkTS:WARN File: /Users/guosj-mac-mini/Documents/github_repos/dash-fire-and-ice/Demo_Run/tuanjieLib/src/main/ets/common/PlayerPrefs.ets:22:35
 Function may throw exceptions. Special handling is required.
[39m[39m
[33mWARN: [33m[33mArkTS:WARN File: /Users/guosj-mac-mini/Documents/github_repos/dash-fire-and-ice/Demo_Run/tuanjieLib/src/main/ets/common/PlayerPrefs.ets:23:36
 Function may throw exceptions. Special handling is required.
[39m[39m
[33mWARN: [33m[33mArkTS:WARN File: /Users/guosj-mac-mini/Documents/github_repos/dash-fire-and-ice/Demo_Run/tuanjieLib/src/main/ets/common/PlayerPrefs.ets:27:9
 Function may throw exceptions. Special handling is required.
[39m[39m
[33mWARN: [33m[33mArkTS:WARN File: /Users/guosj-mac-mini/Documents/github_repos/dash-fire-and-ice/Demo_Run/tuanjieLib/src/main/ets/common/PlayerPrefs.ets:31:19
 Function may throw exceptions. Special handling is required.
[39m[39m
[33mWARN: [33m[33mArkTS:WARN File: /Users/guosj-mac-mini/Documents/github_repos/dash-fire-and-ice/Demo_Run/tuanjieLib/src/main/ets/common/PlayerPrefs.ets:38:21
 Function may throw exceptions. Special handling is required.
[39m[39m
[33mWARN: [33m[33mArkTS:WARN File: /Users/guosj-mac-mini/Documents/github_repos/dash-fire-and-ice/Demo_Run/tuanjieLib/src/main/ets/common/PlayerPrefs.ets:45:22
 Function may throw exceptions. Special handling is required.
[39m[39m
[33mWARN: [33m[33mArkTS:WARN File: /Users/guosj-mac-mini/Documents/github_repos/dash-fire-and-ice/Demo_Run/tuanjieLib/src/main/ets/common/PlayerPrefs.ets:55:16
 Function may throw exceptions. Special handling is required.
[39m[39m
[33mWARN: [33m[33mArkTS:WARN File: /Users/guosj-mac-mini/Documents/github_repos/dash-fire-and-ice/Demo_Run/tuanjieLib/src/main/ets/common/PlayerPrefs.ets:56:5
 Function may throw exceptions. Special handling is required.
[39m[39m
[33mWARN: [33m[33mArkTS:WARN File: /Users/guosj-mac-mini/Documents/github_repos/dash-fire-and-ice/Demo_Run/tuanjieLib/src/main/ets/common/PlayerPrefs.ets:62:15
 Function may throw exceptions. Special handling is required.
[39m[39m
[33mWARN: [33m[33mArkTS:WARN File: /Users/guosj-mac-mini/Documents/github_repos/dash-fire-and-ice/Demo_Run/tuanjieLib/src/main/ets/common/PlayerPrefs.ets:93:5
 Function may throw exceptions. Special handling is required.
[39m[39m
[33mWARN: [33m[33mArkTS:WARN File: /Users/guosj-mac-mini/Documents/github_repos/dash-fire-and-ice/Demo_Run/tuanjieLib/src/main/ets/common/PlayerPrefs.ets:94:5
 Function may throw exceptions. Special handling is required.
[39m[39m
[33mWARN: [33m[33mArkTS:WARN File: /Users/guosj-mac-mini/Documents/github_repos/dash-fire-and-ice/Demo_Run/tuanjieLib/src/main/ets/common/PlayerPrefs.ets:95:5
 Function may throw exceptions. Special handling is required.
[39m[39m
[33mWARN: [33m[33mArkTS:WARN File: /Users/guosj-mac-mini/Documents/github_repos/dash-fire-and-ice/Demo_Run/tuanjieLib/src/main/ets/common/PlayerPrefs.ets:97:5
 Function may throw exceptions. Special handling is required.
[39m[39m
[33mWARN: [33m[33mArkTS:WARN File: /Users/guosj-mac-mini/Documents/github_repos/dash-fire-and-ice/Demo_Run/tuanjieLib/src/main/ets/common/PlayerPrefs.ets:102:5
 Function may throw exceptions. Special handling is required.
[39m[39m
[33mWARN: [33m[33mArkTS:WARN File: /Users/guosj-mac-mini/Documents/github_repos/dash-fire-and-ice/Demo_Run/tuanjieLib/src/main/ets/common/PlayerPrefs.ets:103:5
 Function may throw exceptions. Special handling is required.
[39m[39m
[33mWARN: [33m[33mArkTS:WARN File: /Users/guosj-mac-mini/Documents/github_repos/dash-fire-and-ice/Demo_Run/tuanjieLib/src/main/ets/common/PlayerPrefs.ets:108:5
 Function may throw exceptions. Special handling is required.
[39m[39m
[33mWARN: [33m[33mArkTS:WARN File: /Users/guosj-mac-mini/Documents/github_repos/dash-fire-and-ice/Demo_Run/tuanjieLib/src/main/ets/common/PlayerPrefs.ets:109:5
 Function may throw exceptions. Special handling is required.
[39m[39m
[33mWARN: [33m[33mArkTS:WARN File: /Users/guosj-mac-mini/Documents/github_repos/dash-fire-and-ice/Demo_Run/tuanjieLib/src/main/ets/common/PlayerPrefs.ets:114:5
 Function may throw exceptions. Special handling is required.
[39m[39m
[33mWARN: [33m[33mArkTS:WARN File: /Users/guosj-mac-mini/Documents/github_repos/dash-fire-and-ice/Demo_Run/tuanjieLib/src/main/ets/common/PlayerPrefs.ets:115:5
 Function may throw exceptions. Special handling is required.
[39m[39m
[33mWARN: [33m[33mArkTS:WARN File: /Users/guosj-mac-mini/Documents/github_repos/dash-fire-and-ice/Demo_Run/tuanjieLib/src/main/ets/common/PlayerPrefs.ets:154:7
 Function may throw exceptions. Special handling is required.
[39m[39m
[33mWARN: [33m[33mArkTS:WARN File: /Users/guosj-mac-mini/Documents/github_repos/dash-fire-and-ice/Demo_Run/tuanjieLib/src/main/ets/common/PlayerPrefs.ets:155:7
 Function may throw exceptions. Special handling is required.
[39m[39m
[33mWARN: [33m[33mArkTS:WARN File: /Users/guosj-mac-mini/Documents/github_repos/dash-fire-and-ice/Demo_Run/tuanjieLib/src/main/ets/common/PlayerPrefs.ets:159:7
 Function may throw exceptions. Special handling is required.
[39m[39m
[33mWARN: [33m[33mArkTS:WARN File: /Users/guosj-mac-mini/Documents/github_repos/dash-fire-and-ice/Demo_Run/tuanjieLib/src/main/ets/common/PlayerPrefs.ets:160:7
 Function may throw exceptions. Special handling is required.
[39m[39m
[33mWARN: [33m[33mArkTS:WARN File: /Users/guosj-mac-mini/Documents/github_repos/dash-fire-and-ice/Demo_Run/tuanjieLib/src/main/ets/common/PlayerPrefs.ets:164:7
 Function may throw exceptions. Special handling is required.
[39m[39m
[33mWARN: [33m[33mArkTS:WARN File: /Users/guosj-mac-mini/Documents/github_repos/dash-fire-and-ice/Demo_Run/tuanjieLib/src/main/ets/common/PlayerPrefs.ets:165:7
 Function may throw exceptions. Special handling is required.
[39m[39m
[33mWARN: [33m[33mArkTS:WARN File: /Users/guosj-mac-mini/Documents/github_repos/dash-fire-and-ice/Demo_Run/tuanjieLib/src/main/ets/common/PlayerPrefs.ets:180:5
 Function may throw exceptions. Special handling is required.
[39m[39m
[33mWARN: [33m[33mArkTS:WARN File: /Users/guosj-mac-mini/Documents/github_repos/dash-fire-and-ice/Demo_Run/tuanjieLib/src/main/ets/common/PlayerPrefs.ets:183:5
 Function may throw exceptions. Special handling is required.
[39m[39m
[33mWARN: [33m[33mArkTS:WARN File: /Users/guosj-mac-mini/Documents/github_repos/dash-fire-and-ice/Demo_Run/tuanjieLib/src/main/ets/common/PlayerPrefs.ets:186:5
 Function may throw exceptions. Special handling is required.
[39m[39m
[33mWARN: [33m[33mArkTS:WARN File: /Users/guosj-mac-mini/Documents/github_repos/dash-fire-and-ice/Demo_Run/tuanjieLib/src/main/ets/common/PlayerPrefs.ets:190:5
 Function may throw exceptions. Special handling is required.
[39m[39m
[33mWARN: [33m[33mArkTS:WARN File: /Users/guosj-mac-mini/Documents/github_repos/dash-fire-and-ice/Demo_Run/tuanjieLib/src/main/ets/common/PlayerPrefs.ets:191:5
 Function may throw exceptions. Special handling is required.
[39m[39m
[33mWARN: [33m[33mArkTS:WARN File: /Users/guosj-mac-mini/Documents/github_repos/dash-fire-and-ice/Demo_Run/tuanjieLib/src/main/ets/common/PlayerPrefs.ets:192:5
 Function may throw exceptions. Special handling is required.
[39m[39m
[33mWARN: [33m[33mArkTS:WARN File: /Users/guosj-mac-mini/Documents/github_repos/dash-fire-and-ice/Demo_Run/tuanjieLib/src/main/ets/utils/GalleryHandler.ets:101:41
 'packing' has been deprecated.
[39m[39m
[33mWARN: [33m[33mArkTS:WARN File: /Users/guosj-mac-mini/Documents/github_repos/dash-fire-and-ice/Demo_Run/tuanjieLib/src/main/ets/utils/GalleryHandler.ets:115:9
 Function may throw exceptions. Special handling is required.
[39m[39m
[33mWARN: [33m[33mArkTS:WARN File: /Users/guosj-mac-mini/Documents/github_repos/dash-fire-and-ice/Demo_Run/tuanjieLib/src/main/ets/utils/GalleryHandler.ets:118:9
 Function may throw exceptions. Special handling is required.
[39m[39m
[33mWARN: [33m[33mArkTS:WARN File: /Users/guosj-mac-mini/Documents/github_repos/dash-fire-and-ice/Demo_Run/tuanjieLib/src/main/ets/utils/GalleryHandler.ets:128:17
 Function may throw exceptions. Special handling is required.
[39m[39m
[33mWARN: [33m[33mArkTS:WARN File: /Users/guosj-mac-mini/Documents/github_repos/dash-fire-and-ice/Demo_Run/tuanjieLib/src/main/ets/utils/GalleryHandler.ets:141:41
 'packing' has been deprecated.
[39m[39m
[33mWARN: [33m[33mArkTS:WARN File: /Users/guosj-mac-mini/Documents/github_repos/dash-fire-and-ice/Demo_Run/tuanjieLib/src/main/ets/utils/GalleryHandler.ets:143:18
 Function may throw exceptions. Special handling is required.
[39m[39m
[33mWARN: [33m[33mArkTS:WARN File: /Users/guosj-mac-mini/Documents/github_repos/dash-fire-and-ice/Demo_Run/tuanjieLib/src/main/ets/utils/GalleryHandler.ets:144:13
 Function may throw exceptions. Special handling is required.
[39m[39m
[33mWARN: [33m[33mArkTS:WARN File: /Users/guosj-mac-mini/Documents/github_repos/dash-fire-and-ice/Demo_Run/tuanjieLib/src/main/ets/utils/GalleryHandler.ets:147:9
 Function may throw exceptions. Special handling is required.
[39m[39m
[33mWARN: [33m[33mArkTS:WARN File: /Users/guosj-mac-mini/Documents/github_repos/dash-fire-and-ice/Demo_Run/tuanjieLib/src/main/ets/utils/GalleryHandler.ets:150:9
 Function may throw exceptions. Special handling is required.
[39m[39m
[33mWARN: [33m[33mArkTS:WARN File: /Users/guosj-mac-mini/Documents/github_repos/dash-fire-and-ice/Demo_Run/tuanjieLib/src/main/ets/utils/SystemSettings.ets:21:42
 To use this API, you need to apply for the permissions: ohos.permission.ACCESS_BLUETOOTH
[39m[39m
[33mWARN: [33m[33mArkTS:WARN File: /Users/guosj-mac-mini/Documents/github_repos/dash-fire-and-ice/Demo_Run/tuanjieLib/src/main/ets/utils/TuanjieAAID.ets:11:23
 Function may throw exceptions. Special handling is required.
[39m[39m
[33mWARN: [33m[33mArkTS:WARN File: /Users/guosj-mac-mini/Documents/github_repos/dash-fire-and-ice/Demo_Run/tuanjieLib/src/main/ets/utils/TuanjieAAID.ets:14:9
 Function may throw exceptions. Special handling is required.
[39m[39m
[33mWARN: [33m[33mArkTS:WARN File: /Users/guosj-mac-mini/Documents/github_repos/dash-fire-and-ice/Demo_Run/tuanjieLib/src/main/ets/utils/TuanjieAAID.ets:15:14
 Function may throw exceptions. Special handling is required.
[39m[39m
[33mWARN: [33m[33mArkTS:WARN File: /Users/guosj-mac-mini/Documents/github_repos/dash-fire-and-ice/Demo_Run/tuanjieLib/src/main/ets/utils/TuanjieAAID.ets:19:5
 Function may throw exceptions. Special handling is required.
[39m[39m
[33mWARN: [33m[33mArkTS:WARN File: /Users/guosj-mac-mini/Documents/github_repos/dash-fire-and-ice/Demo_Run/tuanjieLib/src/main/ets/utils/TuanjieLocation.ets:22:26
 To use this API, you need to apply for the permissions: ohos.permission.APPROXIMATELY_LOCATION
[39m[39m
[33mWARN: [33m[33mArkTS:WARN File: /Users/guosj-mac-mini/Documents/github_repos/dash-fire-and-ice/Demo_Run/tuanjieLib/src/main/ets/utils/TuanjieLocation.ets:31:26
 To use this API, you need to apply for the permissions: ohos.permission.APPROXIMATELY_LOCATION
[39m[39m
[33mWARN: [33m[33mArkTS:WARN File: /Users/guosj-mac-mini/Documents/github_repos/dash-fire-and-ice/Demo_Run/tuanjieLib/src/main/ets/utils/TuanjieLocation.ets:39:25
 Function may throw exceptions. Special handling is required.
[39m[39m
[33mWARN: [33m[33mArkTS:WARN File: /Users/guosj-mac-mini/Documents/github_repos/dash-fire-and-ice/Demo_Run/tuanjieLib/src/main/ets/utils/TuanjieLocation.ets:44:15
 Function may throw exceptions. Special handling is required.
[39m[39m
[33mWARN: [33m[33mArkTS:WARN File: /Users/guosj-mac-mini/Documents/github_repos/dash-fire-and-ice/Demo_Run/tuanjieLib/src/main/ets/utils/TuanjieLocation.ets:44:34
 To use this API, you need to apply for the permissions: ohos.permission.APPROXIMATELY_LOCATION
[39m[39m
[33mWARN: [33m[33mArkTS:WARN File: /Users/guosj-mac-mini/Documents/github_repos/dash-fire-and-ice/Demo_Run/tuanjieLib/src/main/ets/utils/TuanjieVibrate.ets:8:16
 To use this API, you need to apply for the permissions: ohos.permission.VIBRATE
[39m[39m
[33mWARN: [33m[33mArkTS:WARN File: /Users/guosj-mac-mini/Documents/github_repos/dash-fire-and-ice/Demo_Run/tuanjieLib/src/main/ets/pages/components/TuanjieWebview.ets:18:28
 'px2vp' has been deprecated.
[39m[39m
[33mWARN: [33m[33mArkTS:WARN File: /Users/guosj-mac-mini/Documents/github_repos/dash-fire-and-ice/Demo_Run/tuanjieLib/src/main/ets/pages/components/TuanjieWebview.ets:18:46
 'px2vp' has been deprecated.
[39m[39m
[33mWARN: [33m[33mArkTS:WARN File: /Users/guosj-mac-mini/Documents/github_repos/dash-fire-and-ice/Demo_Run/tuanjieLib/src/main/ets/pages/components/TuanjieWebview.ets:19:20
 'px2vp' has been deprecated.
[39m[39m
[33mWARN: [33m[33mArkTS:WARN File: /Users/guosj-mac-mini/Documents/github_repos/dash-fire-and-ice/Demo_Run/tuanjieLib/src/main/ets/pages/components/TuanjieWebview.ets:20:21
 'px2vp' has been deprecated.
[39m[39m
[33mWARN: [33m[33mArkTS:WARN File: /Users/guosj-mac-mini/Documents/github_repos/dash-fire-and-ice/Demo_Run/tuanjieLib/src/main/ets/utils/WebviewUtils.ets:28:5
 Function may throw exceptions. Special handling is required.
[39m[39m
[33mWARN: [33m[33mArkTS:WARN File: /Users/guosj-mac-mini/Documents/github_repos/dash-fire-and-ice/Demo_Run/tuanjieLib/src/main/ets/utils/WebviewUtils.ets:32:5
 Function may throw exceptions. Special handling is required.
[39m[39m
[33mWARN: [33m[33mArkTS:WARN File: /Users/guosj-mac-mini/Documents/github_repos/dash-fire-and-ice/Demo_Run/tuanjieLib/src/main/ets/utils/WebviewUtils.ets:48:5
 Function may throw exceptions. Special handling is required.
[39m[39m
[33mWARN: [33m[33mArkTS:WARN File: /Users/guosj-mac-mini/Documents/github_repos/dash-fire-and-ice/Demo_Run/tuanjieLib/src/main/ets/utils/WebviewUtils.ets:52:5
 Function may throw exceptions. Special handling is required.
[39m[39m
[33mWARN: [33m[33mArkTS:WARN File: /Users/guosj-mac-mini/Documents/github_repos/dash-fire-and-ice/Demo_Run/tuanjieLib/src/main/ets/utils/WebviewUtils.ets:56:9
 Function may throw exceptions. Special handling is required.
[39m[39m
[33mWARN: [33m[33mArkTS:WARN File: /Users/guosj-mac-mini/Documents/github_repos/dash-fire-and-ice/Demo_Run/tuanjieLib/src/main/ets/utils/WebviewUtils.ets:57:7
 Function may throw exceptions. Special handling is required.
[39m[39m
[33mWARN: [33m[33mArkTS:WARN File: /Users/guosj-mac-mini/Documents/github_repos/dash-fire-and-ice/Demo_Run/tuanjieLib/src/main/ets/utils/WebviewUtils.ets:62:9
 Function may throw exceptions. Special handling is required.
[39m[39m
[33mWARN: [33m[33mArkTS:WARN File: /Users/guosj-mac-mini/Documents/github_repos/dash-fire-and-ice/Demo_Run/tuanjieLib/src/main/ets/utils/WebviewUtils.ets:63:7
 Function may throw exceptions. Special handling is required.
[39m[39m
[33mWARN: [33m[33mArkTS:WARN File: /Users/guosj-mac-mini/Documents/github_repos/dash-fire-and-ice/Demo_Run/tuanjieLib/src/main/ets/utils/WindowUtils.ets:111:12
 Function may throw exceptions. Special handling is required.
[39m[39m
[33mWARN: [33m[33mArkTS:WARN File: /Users/guosj-mac-mini/Documents/github_repos/dash-fire-and-ice/Demo_Run/tuanjieLib/src/main/ets/utils/WindowUtils.ets:172:22
 Function may throw exceptions. Special handling is required.
[39m[39m
[33mWARN: [33m[33mArkTS:WARN File: /Users/guosj-mac-mini/Documents/github_repos/dash-fire-and-ice/Demo_Run/tuanjieLib/src/main/ets/utils/WindowUtils.ets:185:24
 Function may throw exceptions. Special handling is required.
[39m[39m
[33mWARN: [33m[33mArkTS:WARN File: /Users/guosj-mac-mini/Documents/github_repos/dash-fire-and-ice/Demo_Run/tuanjieLib/src/main/ets/utils/WindowUtils.ets:238:5
 Function may throw exceptions. Special handling is required.
[39m[39m
[33mWARN: [33m[33mArkTS:WARN File: /Users/guosj-mac-mini/Documents/github_repos/dash-fire-and-ice/Demo_Run/tuanjieLib/src/main/ets/utils/WindowUtils.ets:262:21
 Function may throw exceptions. Special handling is required.
[39m[39m
[33mWARN: [33m[33mArkTS:WARN File: /Users/guosj-mac-mini/Documents/github_repos/dash-fire-and-ice/Demo_Run/tuanjieLib/src/main/ets/utils/WindowUtils.ets:262:35
 To use this API, you need to apply for the permissions: ohos.permission.READ_PASTEBOARD
[39m[39m
[33mWARN: [33m[33mArkTS:WARN File: /Users/guosj-mac-mini/Documents/github_repos/dash-fire-and-ice/Demo_Run/tuanjieLib/src/main/ets/utils/WindowUtils.ets:288:19
 Function may throw exceptions. Special handling is required.
[39m[39m
[33mWARN: [33m[33mArkTS:WARN File: /Users/guosj-mac-mini/Documents/github_repos/dash-fire-and-ice/Demo_Run/tuanjieLib/src/main/ets/utils/WindowUtils.ets:290:23
 Function may throw exceptions. Special handling is required.
[39m[39m
[33mWARN: [33m[33mArkTS:WARN File: /Users/guosj-mac-mini/Documents/github_repos/dash-fire-and-ice/Demo_Run/tuanjieLib/src/main/ets/utils/WindowUtils.ets:290:37
 To use this API, you need to apply for the permissions: ohos.permission.READ_PASTEBOARD
[39m[39m
[33mWARN: [33m[33mArkTS:WARN File: /Users/guosj-mac-mini/Documents/github_repos/dash-fire-and-ice/Demo_Run/tuanjieLib/src/main/ets/utils/WindowUtils.ets:296:9
 Function may throw exceptions. Special handling is required.
[39m[39m
[33mWARN: [33m[33mArkTS:WARN File: /Users/guosj-mac-mini/Documents/github_repos/dash-fire-and-ice/Demo_Run/tuanjieLib/src/main/ets/utils/WindowUtils.ets:298:7
 Function may throw exceptions. Special handling is required.
[39m[39m
[33mWARN: [33m[33mArkTS:WARN File: /Users/guosj-mac-mini/Documents/github_repos/dash-fire-and-ice/Demo_Run/tuanjieLib/src/main/ets/utils/WindowUtils.ets:301:7
 Function may throw exceptions. Special handling is required.
[39m[39m
[33mWARN: [33m[33mArkTS:WARN File: /Users/guosj-mac-mini/Documents/github_repos/dash-fire-and-ice/Demo_Run/tuanjieLib/src/main/ets/workers/WorkerProxy.ets:66:7
 Function may throw exceptions. Special handling is required.
[39m[39m
[33mWARN: [33m[33mArkTS:WARN File: /Users/guosj-mac-mini/Documents/github_repos/dash-fire-and-ice/Demo_Run/tuanjieLib/src/main/ets/ability/TuanjiePlayerAbilityBase.ets:25:9
 Function may throw exceptions. Special handling is required.
[39m[39m
[33mWARN: [33m[33mArkTS:WARN File: /Users/guosj-mac-mini/Documents/github_repos/dash-fire-and-ice/Demo_Run/tuanjieLib/src/main/ets/ability/TuanjiePlayerAbilityBase.ets:53:23
 Function may throw exceptions. Special handling is required.
[39m[39m
[33mWARN: [33m[33mArkTS:WARN File: /Users/guosj-mac-mini/Documents/github_repos/dash-fire-and-ice/Demo_Run/tuanjieLib/src/main/ets/ability/TuanjiePlayerAbilityBase.ets:58:19
 'setWindowLayoutFullScreen' has been deprecated.
[39m[39m
[33mWARN: [33m[33mArkTS:WARN File: /Users/guosj-mac-mini/Documents/github_repos/dash-fire-and-ice/Demo_Run/tuanjieLib/src/main/ets/ability/TuanjiePlayerAbilityBase.ets:79:5
 Function may throw exceptions. Special handling is required.
[39m[39m
[33mWARN: [33m[33mArkTS:WARN File: /Users/guosj-mac-mini/Documents/github_repos/dash-fire-and-ice/Demo_Run/tuanjieLib/src/main/ets/pages/components/DebuggerDialog.ets:16:7
 Function may throw exceptions. Special handling is required.
[39m[39m
[33mWARN: [33m[33mArkTS:WARN File: /Users/guosj-mac-mini/Documents/github_repos/dash-fire-and-ice/Demo_Run/tuanjieLib/src/main/ets/pages/components/DebuggerDialog.ets:16:20
 'showDialog' has been deprecated.
[39m[39m
[33mWARN: [33m[33mArkTS:WARN File: /Users/guosj-mac-mini/Documents/github_repos/dash-fire-and-ice/Demo_Run/tuanjieLib/src/main/ets/pages/components/TuanjieView.ets:2:21
 Currently module for 'libtuanjie.so' is not verified. If you're importing napi, its verification will be enabled in later SDK version. Please make sure the corresponding .d.ts file is provided and the napis are correctly declared.
[39m[39m
[33mWARN: [33m[33mArkTS:WARN File: /Users/guosj-mac-mini/Documents/github_repos/dash-fire-and-ice/Demo_Run/tuanjieLib/src/main/ets/pages/components/StaticSplashScreen.ets:13:27
 'getContext' has been deprecated.
[39m[39m
[33mWARN: [33m[33mArkTS:WARN File: /Users/guosj-mac-mini/Documents/github_repos/dash-fire-and-ice/Demo_Run/tuanjieLib/src/main/ets/pages/components/StaticSplashScreen.ets:19:27
 Function may throw exceptions. Special handling is required.
[39m[39m
[33mWARN: [33m[33mArkTS:WARN File: /Users/guosj-mac-mini/Documents/github_repos/dash-fire-and-ice/Demo_Run/tuanjieLib/src/main/ets/pages/components/StaticSplashScreen.ets:19:43
 'getNumber' has been deprecated.
[39m[39m
[33mWARN: [33m[33mArkTS:WARN File: /Users/guosj-mac-mini/Documents/github_repos/dash-fire-and-ice/Demo_Run/tuanjieLib/src/main/ets/workers/HostProxy.ets:162:3
 Function may throw exceptions. Special handling is required.
[39m[39m

[2026-01-03T11:14:13.063] [DEBUG] debug-file - Ark compile task finished.finished time is 7519196057118458
[2026-01-03T11:14:13.064] [DEBUG] debug-file - worker[4] has one work done.
[2026-01-03T11:14:13.064] [DEBUG] debug-file - default@CompileArkTS work[1] done.
[2026-01-03T11:14:13.064] [DEBUG] debug-file - A work dispatched to worker[4] failed because unable to get work from ready queue.
[2026-01-03T11:14:13.065] [INFO] debug-file - Finished :entry:default@CompileArkTS... after 2 s 450 ms 
[2026-01-03T11:14:13.065] [DEBUG] debug-file - Executing task :entry:default@GeneratePkgModuleJson
[2026-01-03T11:14:13.065] [DEBUG] debug-file - File: '/Users/guosj-mac-mini/Documents/github_repos/dash-fire-and-ice/Demo_Run/entry/build/default/intermediates/preload/default/preload.json' from 'preloadSoJsonPath' is not exists, just ignore.
[2026-01-03T11:14:13.065] [DEBUG] debug-file - Error occurs while handling @Input 'shouldDeduplicateHar': The "data" argument must be of type string or an instance of Buffer, TypedArray, or DataView. Received undefined
[2026-01-03T11:14:13.065] [DEBUG] debug-file - Task 'entry:default@GeneratePkgModuleJson' cost while wrapping incremental declarations: 1 ms 
[2026-01-03T11:14:13.066] [DEBUG] debug-file - entry : default@GeneratePkgModuleJson cost memory 0.1583404541015625
[2026-01-03T11:14:13.066] [DEBUG] debug-file - runTaskFromQueue task cost before running: 3 s 384 ms 
[2026-01-03T11:14:13.066] [INFO] debug-file - Finished :entry:default@GeneratePkgModuleJson... after 1 ms 
[2026-01-03T11:14:13.066] [DEBUG] debug-file - Executing task :entry:default@ProcessCompiledResources
[2026-01-03T11:14:13.066] [DEBUG] debug-file - File: '/Users/guosj-mac-mini/Documents/github_repos/dash-fire-and-ice/Demo_Run/entry/build/default/intermediates/preload/default/preload.json' from 'preloadSoJsonPath' is not exists, just ignore.
[2026-01-03T11:14:13.066] [DEBUG] debug-file - Task 'entry:default@ProcessCompiledResources' cost while wrapping incremental declarations: 1 ms 
[2026-01-03T11:14:13.066] [DEBUG] debug-file - entry : default@ProcessCompiledResources cost memory 0.0646514892578125
[2026-01-03T11:14:13.066] [DEBUG] debug-file - runTaskFromQueue task cost before running: 3 s 384 ms 
[2026-01-03T11:14:13.066] [INFO] debug-file - Finished :entry:default@ProcessCompiledResources... after 1 ms 
[2026-01-03T11:14:13.067] [DEBUG] debug-file - Executing task :entry:default@PackageHap
[2026-01-03T11:14:13.068] [DEBUG] debug-file - Use tool [/Applications/DevEco-Studio.app/Contents/sdk/default/openharmony/toolchains/lib/app_packing_tool.jar]
 [
  'java',
  '-Dfile.encoding=utf-8',
  '-jar',
  '/Applications/DevEco-Studio.app/Contents/sdk/default/openharmony/toolchains/lib/app_packing_tool.jar',
  '--mode',
  'hap',
  '--force',
  'true',
  '--lib-path',
  '/Users/guosj-mac-mini/Documents/github_repos/dash-fire-and-ice/Demo_Run/entry/build/default/intermediates/stripped_native_libs/default',
  '--json-path',
  '/Users/guosj-mac-mini/Documents/github_repos/dash-fire-and-ice/Demo_Run/entry/build/default/intermediates/package/default/module.json',
  '--resources-path',
  '/Users/guosj-mac-mini/Documents/github_repos/dash-fire-and-ice/Demo_Run/entry/build/default/intermediates/res/default/resources',
  '--index-path',
  '/Users/guosj-mac-mini/Documents/github_repos/dash-fire-and-ice/Demo_Run/entry/build/default/intermediates/res/default/resources.index',
  '--pack-info-path',
  '/Users/guosj-mac-mini/Documents/github_repos/dash-fire-and-ice/Demo_Run/entry/build/default/outputs/default/pack.info',
  '--out-path',
  '/Users/guosj-mac-mini/Documents/github_repos/dash-fire-and-ice/Demo_Run/entry/build/default/outputs/default/entry-default-unsigned.hap',
  '--ets-path',
  '/Users/guosj-mac-mini/Documents/github_repos/dash-fire-and-ice/Demo_Run/entry/build/default/intermediates/loader_out/default/ets'
]
[2026-01-03T11:14:13.309] [DEBUG] debug-file - java daemon socket received message:{"code":0,"message":"pack success"}
[2026-01-03T11:14:13.310] [DEBUG] debug-file - entry : default@PackageHap cost memory 0.5792922973632812
[2026-01-03T11:14:13.310] [DEBUG] debug-file - runTaskFromQueue task cost before running: 3 s 628 ms 
[2026-01-03T11:14:13.310] [INFO] debug-file - Finished :entry:default@PackageHap... after 243 ms 
[2026-01-03T11:14:13.310] [DEBUG] debug-file - Executing task :entry:default@PackingCheck
[2026-01-03T11:14:13.313] [DEBUG] debug-file - entry : default@PackingCheck cost memory 0.5770416259765625
[2026-01-03T11:14:13.313] [DEBUG] debug-file - runTaskFromQueue task cost before running: 3 s 631 ms 
[2026-01-03T11:14:13.313] [INFO] debug-file - Finished :entry:default@PackingCheck... after 3 ms 
[2026-01-03T11:14:13.314] [DEBUG] debug-file - Executing task :entry:default@SignHap
[2026-01-03T11:14:13.314] [WARN] debug-file - Will skip sign 'hos_hap'. No signingConfigs profile is configured in current project.
             If needed, configure the signingConfigs in /Users/guosj-mac-mini/Documents/github_repos/dash-fire-and-ice/Demo_Run/build-profile.json5.
[2026-01-03T11:14:13.314] [DEBUG] debug-file - entry : default@SignHap cost memory 0.0572509765625
[2026-01-03T11:14:13.315] [DEBUG] debug-file - runTaskFromQueue task cost before running: 3 s 632 ms 
[2026-01-03T11:14:13.315] [INFO] debug-file - Finished :entry:default@SignHap... after 1 ms 
[2026-01-03T11:14:13.315] [DEBUG] debug-file - Executing task :entry:default@CollectDebugSymbol
[2026-01-03T11:14:13.315] [DEBUG] debug-file - entry : default@CollectDebugSymbol cost memory 0.09876251220703125
[2026-01-03T11:14:13.315] [DEBUG] debug-file - runTaskFromQueue task cost before running: 3 s 633 ms 
[2026-01-03T11:14:13.315] [INFO] debug-file - Finished :entry:default@CollectDebugSymbol... after 1 ms 
[2026-01-03T11:14:13.315] [DEBUG] debug-file - Executing task :entry:assembleHap
[2026-01-03T11:14:13.315] [DEBUG] debug-file - entry : assembleHap cost memory 0.0142974853515625
[2026-01-03T11:14:13.315] [DEBUG] debug-file - runTaskFromQueue task cost before running: 3 s 633 ms 
[2026-01-03T11:14:13.316] [INFO] debug-file - Finished :entry:assembleHap... after 1 ms 
[2026-01-03T11:14:13.316] [INFO] debug-file - BUILD SUCCESSFUL in 3 s 634 ms 
[2026-01-03T11:14:13.316] [DEBUG] debug-file - Update task entry:default@PreBuild input file:/Users/guosj-mac-mini/Documents/github_repos/dash-fire-and-ice/Demo_Run/AppScope/app.json5 cache by regenerate.
[2026-01-03T11:14:13.316] [DEBUG] debug-file - Update task entry:default@PreBuild input file:/Users/guosj-mac-mini/Documents/github_repos/dash-fire-and-ice/Demo_Run/entry/src/main/module.json5 cache by regenerate.
[2026-01-03T11:14:13.316] [DEBUG] debug-file - Update task entry:default@PreBuild input file:/Users/guosj-mac-mini/Documents/github_repos/dash-fire-and-ice/Demo_Run/build-profile.json5 cache by regenerate.
[2026-01-03T11:14:13.316] [DEBUG] debug-file - Update task entry:default@PreBuild input file:/Users/guosj-mac-mini/Documents/github_repos/dash-fire-and-ice/Demo_Run/entry/build-profile.json5 cache by regenerate.
[2026-01-03T11:14:13.316] [DEBUG] debug-file - Update task entry:default@PreBuild input file:/Users/guosj-mac-mini/Documents/github_repos/dash-fire-and-ice/Demo_Run/entry/src/main/resources/base/profile/main_pages.json cache by regenerate.
[2026-01-03T11:14:13.317] [DEBUG] debug-file - Update task entry:default@PreBuild input file:/Users/guosj-mac-mini/Documents/github_repos/dash-fire-and-ice/Demo_Run/hvigor/hvigor-config.json5 cache by regenerate.
[2026-01-03T11:14:13.317] [DEBUG] debug-file - Update task entry:default@PreBuild input file:/Users/guosj-mac-mini/Documents/github_repos/dash-fire-and-ice/Demo_Run/entry/oh-package.json5 cache by regenerate.
[2026-01-03T11:14:13.317] [DEBUG] debug-file - Update task entry:default@PreBuild input file:/Users/guosj-mac-mini/Documents/github_repos/dash-fire-and-ice/Demo_Run/oh-package.json5 cache by regenerate.
[2026-01-03T11:14:13.317] [DEBUG] debug-file - Incremental task entry:default@PreBuild post-execution cost:1 ms .
[2026-01-03T11:14:13.317] [DEBUG] debug-file - Update task tuanjieLib:default@PreBuild input file:/Users/guosj-mac-mini/Documents/github_repos/dash-fire-and-ice/Demo_Run/AppScope/app.json5 cache by regenerate.
[2026-01-03T11:14:13.317] [DEBUG] debug-file - Update task tuanjieLib:default@PreBuild input file:/Users/guosj-mac-mini/Documents/github_repos/dash-fire-and-ice/Demo_Run/tuanjieLib/src/main/module.json5 cache by regenerate.
[2026-01-03T11:14:13.317] [DEBUG] debug-file - Update task tuanjieLib:default@PreBuild input file:/Users/guosj-mac-mini/Documents/github_repos/dash-fire-and-ice/Demo_Run/build-profile.json5 cache by regenerate.
[2026-01-03T11:14:13.317] [DEBUG] debug-file - Update task tuanjieLib:default@PreBuild input file:/Users/guosj-mac-mini/Documents/github_repos/dash-fire-and-ice/Demo_Run/tuanjieLib/build-profile.json5 cache by regenerate.
[2026-01-03T11:14:13.317] [DEBUG] debug-file - Update task tuanjieLib:default@PreBuild input file:/Users/guosj-mac-mini/Documents/github_repos/dash-fire-and-ice/Demo_Run/tuanjieLib/src/main/ets/workers/TuanjieMainWorker.ets cache by regenerate.
[2026-01-03T11:14:13.317] [DEBUG] debug-file - Update task tuanjieLib:default@PreBuild input file:/Users/guosj-mac-mini/Documents/github_repos/dash-fire-and-ice/Demo_Run/hvigor/hvigor-config.json5 cache by regenerate.
[2026-01-03T11:14:13.317] [DEBUG] debug-file - Update task tuanjieLib:default@PreBuild input file:/Users/guosj-mac-mini/Documents/github_repos/dash-fire-and-ice/Demo_Run/tuanjieLib/oh-package.json5 cache by regenerate.
[2026-01-03T11:14:13.317] [DEBUG] debug-file - Update task tuanjieLib:default@PreBuild input file:/Users/guosj-mac-mini/Documents/github_repos/dash-fire-and-ice/Demo_Run/oh-package.json5 cache by regenerate.
[2026-01-03T11:14:13.317] [DEBUG] debug-file - Incremental task tuanjieLib:default@PreBuild post-execution cost:1 ms .
[2026-01-03T11:14:13.317] [DEBUG] debug-file - Update task entry:default@CreateModuleInfo output file:/Users/guosj-mac-mini/Documents/github_repos/dash-fire-and-ice/Demo_Run/entry/build/default/generated/profile/default/ModuleInfo.ts cache.
[2026-01-03T11:14:13.317] [DEBUG] debug-file - Incremental task entry:default@CreateModuleInfo post-execution cost:1 ms .
[2026-01-03T11:14:13.317] [DEBUG] debug-file - Update task entry:default@GenerateMetadata input file:/Users/guosj-mac-mini/Documents/github_repos/dash-fire-and-ice/Demo_Run/entry/src/main/module.json5 cache by regenerate.
[2026-01-03T11:14:13.317] [DEBUG] debug-file - Update task entry:default@GenerateMetadata output file:/Users/guosj-mac-mini/Documents/github_repos/dash-fire-and-ice/Demo_Run/entry/build/default/intermediates/hap_metadata/default/output_metadata.json cache.
[2026-01-03T11:14:13.317] [DEBUG] debug-file - Incremental task entry:default@GenerateMetadata post-execution cost:1 ms .
[2026-01-03T11:14:13.317] [DEBUG] debug-file - Update task entry:default@GeneratePkgContextInfo output file:/Users/guosj-mac-mini/Documents/github_repos/dash-fire-and-ice/Demo_Run/entry/build/default/intermediates/loader/default/pkgContextInfo.json cache.
[2026-01-03T11:14:13.317] [DEBUG] debug-file - Incremental task entry:default@GeneratePkgContextInfo post-execution cost:1 ms .
[2026-01-03T11:14:13.317] [DEBUG] debug-file - Update task entry:default@ProcessIntegratedHsp output file:/Users/guosj-mac-mini/Documents/github_repos/dash-fire-and-ice/Demo_Run/build/cache/default/integrated_hsp/integratedHspCache.json cache.
[2026-01-03T11:14:13.317] [DEBUG] debug-file - Incremental task entry:default@ProcessIntegratedHsp post-execution cost:1 ms .
[2026-01-03T11:14:13.317] [DEBUG] debug-file - Update task tuanjieLib:default@CreateHarBuildProfile input file:/Users/guosj-mac-mini/Documents/github_repos/dash-fire-and-ice/Demo_Run/AppScope/app.json5 cache by regenerate.
[2026-01-03T11:14:13.317] [DEBUG] debug-file - Update task tuanjieLib:default@CreateHarBuildProfile input file:/Users/guosj-mac-mini/Documents/github_repos/dash-fire-and-ice/Demo_Run/build-profile.json5 cache by regenerate.
[2026-01-03T11:14:13.317] [DEBUG] debug-file - Update task tuanjieLib:default@CreateHarBuildProfile output file:/Users/guosj-mac-mini/Documents/github_repos/dash-fire-and-ice/Demo_Run/tuanjieLib/BuildProfile.ets cache.
[2026-01-03T11:14:13.317] [DEBUG] debug-file - Incremental task tuanjieLib:default@CreateHarBuildProfile post-execution cost:1 ms .
[2026-01-03T11:14:13.317] [DEBUG] debug-file - Update task tuanjieLib:default@MergeProfile input file:/Users/guosj-mac-mini/Documents/github_repos/dash-fire-and-ice/Demo_Run/AppScope/app.json5 cache by regenerate.
[2026-01-03T11:14:13.317] [DEBUG] debug-file - Update task tuanjieLib:default@MergeProfile input file:/Users/guosj-mac-mini/Documents/github_repos/dash-fire-and-ice/Demo_Run/build-profile.json5 cache by regenerate.
[2026-01-03T11:14:13.318] [DEBUG] debug-file - Update task tuanjieLib:default@MergeProfile input file:/Users/guosj-mac-mini/Documents/github_repos/dash-fire-and-ice/Demo_Run/tuanjieLib/src/main/module.json5 cache by regenerate.
[2026-01-03T11:14:13.318] [DEBUG] debug-file - Update task tuanjieLib:default@MergeProfile output file:/Users/guosj-mac-mini/Documents/github_repos/dash-fire-and-ice/Demo_Run/tuanjieLib/build/default/intermediates/merge_profile/default/module.json cache.
[2026-01-03T11:14:13.318] [DEBUG] debug-file - Incremental task tuanjieLib:default@MergeProfile post-execution cost:1 ms .
[2026-01-03T11:14:13.318] [DEBUG] debug-file - Update task entry:default@SyscapTransform input file:/Applications/DevEco-Studio.app/Contents/sdk/default/openharmony/toolchains/syscap_tool cache by regenerate.
[2026-01-03T11:14:13.318] [DEBUG] debug-file - Update task entry:default@SyscapTransform input file:/Applications/DevEco-Studio.app/Contents/sdk/default/openharmony/ets/api/device-define cache by regenerate.
[2026-01-03T11:14:13.318] [DEBUG] debug-file - Update task entry:default@SyscapTransform output file:/Users/guosj-mac-mini/Documents/github_repos/dash-fire-and-ice/Demo_Run/entry/build/default/intermediates/syscap/default/rpcid.sc cache.
[2026-01-03T11:14:13.318] [DEBUG] debug-file - Incremental task entry:default@SyscapTransform post-execution cost:1 ms .
[2026-01-03T11:14:13.318] [DEBUG] debug-file - Update task entry:default@ProcessRouterMap input file:/Users/guosj-mac-mini/Documents/github_repos/dash-fire-and-ice/Demo_Run/entry/oh-package.json5 cache by regenerate.
[2026-01-03T11:14:13.318] [DEBUG] debug-file - Update task entry:default@ProcessRouterMap input file:/Users/guosj-mac-mini/Documents/github_repos/dash-fire-and-ice/Demo_Run/oh-package.json5 cache by regenerate.
[2026-01-03T11:14:13.318] [DEBUG] debug-file - Update task entry:default@ProcessRouterMap input file:/Users/guosj-mac-mini/Documents/github_repos/dash-fire-and-ice/Demo_Run/entry/src/main/module.json5 cache by regenerate.
[2026-01-03T11:14:13.318] [DEBUG] debug-file - Update task entry:default@ProcessRouterMap output file:/Users/guosj-mac-mini/Documents/github_repos/dash-fire-and-ice/Demo_Run/entry/build/default/intermediates/router_map/default/temp-router-map.json cache.
[2026-01-03T11:14:13.318] [DEBUG] debug-file - Update task entry:default@ProcessRouterMap output file:/Users/guosj-mac-mini/Documents/github_repos/dash-fire-and-ice/Demo_Run/entry/build/default/intermediates/router_map/default/loader-router-map.json cache.
[2026-01-03T11:14:13.318] [DEBUG] debug-file - Incremental task entry:default@ProcessRouterMap post-execution cost:1 ms .
[2026-01-03T11:14:13.318] [DEBUG] debug-file - Update task entry:default@ProcessShareConfig input file:/Users/guosj-mac-mini/Documents/github_repos/dash-fire-and-ice/Demo_Run/entry/oh-package.json5 cache by regenerate.
[2026-01-03T11:14:13.318] [DEBUG] debug-file - Update task entry:default@ProcessShareConfig input file:/Users/guosj-mac-mini/Documents/github_repos/dash-fire-and-ice/Demo_Run/oh-package.json5 cache by regenerate.
[2026-01-03T11:14:13.318] [DEBUG] debug-file - Update task entry:default@ProcessShareConfig input file:/Users/guosj-mac-mini/Documents/github_repos/dash-fire-and-ice/Demo_Run/entry/src/main/module.json5 cache by regenerate.
[2026-01-03T11:14:13.318] [DEBUG] debug-file - Update task entry:default@ProcessShareConfig output file:/Users/guosj-mac-mini/Documents/github_repos/dash-fire-and-ice/Demo_Run/entry/build/default/intermediates/share_config/default/temp-share-config.json cache.
[2026-01-03T11:14:13.318] [DEBUG] debug-file - Incremental task entry:default@ProcessShareConfig post-execution cost:1 ms .
[2026-01-03T11:14:13.318] [DEBUG] debug-file - Update task entry:default@ProcessStartupConfig output file:/Users/guosj-mac-mini/Documents/github_repos/dash-fire-and-ice/Demo_Run/entry/build/default/intermediates/startup/default/startup_config.json cache.
[2026-01-03T11:14:13.318] [DEBUG] debug-file - Incremental task entry:default@ProcessStartupConfig post-execution cost:1 ms .
[2026-01-03T11:14:13.318] [DEBUG] debug-file - Update task entry:default@CreateBuildProfile input file:/Users/guosj-mac-mini/Documents/github_repos/dash-fire-and-ice/Demo_Run/AppScope/app.json5 cache by regenerate.
[2026-01-03T11:14:13.318] [DEBUG] debug-file - Update task entry:default@CreateBuildProfile input file:/Users/guosj-mac-mini/Documents/github_repos/dash-fire-and-ice/Demo_Run/build-profile.json5 cache by regenerate.
[2026-01-03T11:14:13.318] [DEBUG] debug-file - Update task entry:default@CreateBuildProfile output file:/Users/guosj-mac-mini/Documents/github_repos/dash-fire-and-ice/Demo_Run/entry/build/default/generated/profile/default/BuildProfile.ets cache.
[2026-01-03T11:14:13.318] [DEBUG] debug-file - Incremental task entry:default@CreateBuildProfile post-execution cost:1 ms .
[2026-01-03T11:14:13.318] [DEBUG] debug-file - Update task entry:default@MergeProfile input file:/Users/guosj-mac-mini/Documents/github_repos/dash-fire-and-ice/Demo_Run/AppScope/app.json5 cache by regenerate.
[2026-01-03T11:14:13.318] [DEBUG] debug-file - Update task entry:default@MergeProfile input file:/Users/guosj-mac-mini/Documents/github_repos/dash-fire-and-ice/Demo_Run/build-profile.json5 cache by regenerate.
[2026-01-03T11:14:13.318] [DEBUG] debug-file - Update task entry:default@MergeProfile input file:/Users/guosj-mac-mini/Documents/github_repos/dash-fire-and-ice/Demo_Run/entry/src/main/module.json5 cache by regenerate.
[2026-01-03T11:14:13.318] [DEBUG] debug-file - Update task entry:default@MergeProfile input file:/Users/guosj-mac-mini/Documents/github_repos/dash-fire-and-ice/Demo_Run/tuanjieLib/build/default/intermediates/merge_profile/default/module.json cache by regenerate.
[2026-01-03T11:14:13.318] [DEBUG] debug-file - Update task entry:default@MergeProfile output file:/Users/guosj-mac-mini/Documents/github_repos/dash-fire-and-ice/Demo_Run/entry/build/default/intermediates/merge_profile/default/module.json cache.
[2026-01-03T11:14:13.319] [DEBUG] debug-file - Incremental task entry:default@MergeProfile post-execution cost:1 ms .
[2026-01-03T11:14:13.319] [DEBUG] debug-file - Obtain build option for module 'tuanjieLib' target 'default'in this build.
[2026-01-03T11:14:13.319] [DEBUG] debug-file - Update task entry:default@GenerateLoaderJson input file:/Users/guosj-mac-mini/Documents/github_repos/dash-fire-and-ice/Demo_Run/entry/build/default/intermediates/router_map/default/temp-router-map.json cache by regenerate.
[2026-01-03T11:14:13.319] [DEBUG] debug-file - Update task entry:default@GenerateLoaderJson output file:/Users/guosj-mac-mini/Documents/github_repos/dash-fire-and-ice/Demo_Run/entry/build/default/intermediates/loader/default/loader.json cache.
[2026-01-03T11:14:13.319] [DEBUG] debug-file - Incremental task entry:default@GenerateLoaderJson post-execution cost:1 ms .
[2026-01-03T11:14:13.319] [DEBUG] debug-file - Update task entry:default@MakePackInfo input file:/Users/guosj-mac-mini/Documents/github_repos/dash-fire-and-ice/Demo_Run/AppScope/app.json5 cache by regenerate.
[2026-01-03T11:14:13.319] [DEBUG] debug-file - Update task entry:default@MakePackInfo input file:/Users/guosj-mac-mini/Documents/github_repos/dash-fire-and-ice/Demo_Run/entry/src/main/module.json5 cache by regenerate.
[2026-01-03T11:14:13.319] [DEBUG] debug-file - Update task entry:default@MakePackInfo input file:/Users/guosj-mac-mini/Documents/github_repos/dash-fire-and-ice/Demo_Run/build-profile.json5 cache by regenerate.
[2026-01-03T11:14:13.319] [DEBUG] debug-file - Update task entry:default@MakePackInfo output file:/Users/guosj-mac-mini/Documents/github_repos/dash-fire-and-ice/Demo_Run/entry/build/default/outputs/default/pack.info cache.
[2026-01-03T11:14:13.319] [DEBUG] debug-file - Incremental task entry:default@MakePackInfo post-execution cost:1 ms .
[2026-01-03T11:14:13.319] [DEBUG] debug-file - Update task entry:default@ProcessProfile input file:/Users/guosj-mac-mini/Documents/github_repos/dash-fire-and-ice/Demo_Run/entry/build/default/intermediates/merge_profile/default/module.json cache by regenerate.
[2026-01-03T11:14:13.319] [DEBUG] debug-file - Update task entry:default@ProcessProfile output file:/Users/guosj-mac-mini/Documents/github_repos/dash-fire-and-ice/Demo_Run/entry/build/default/intermediates/process_profile/default/module.json cache.
[2026-01-03T11:14:13.319] [DEBUG] debug-file - Incremental task entry:default@ProcessProfile post-execution cost:1 ms .
[2026-01-03T11:14:13.319] [DEBUG] debug-file - Update task tuanjieLib:default@ProcessLibs input file:/Users/guosj-mac-mini/Documents/github_repos/dash-fire-and-ice/Demo_Run/tuanjieLib/libs cache by regenerate.
[2026-01-03T11:14:13.319] [DEBUG] debug-file - Update task tuanjieLib:default@ProcessLibs input file:/Users/guosj-mac-mini/Documents/github_repos/dash-fire-and-ice/Demo_Run/build-profile.json5 cache by regenerate.
[2026-01-03T11:14:13.319] [DEBUG] debug-file - Update task tuanjieLib:default@ProcessLibs input file:/Users/guosj-mac-mini/Documents/github_repos/dash-fire-and-ice/Demo_Run/tuanjieLib/build-profile.json5 cache by regenerate.
[2026-01-03T11:14:13.319] [DEBUG] debug-file - Update task tuanjieLib:default@ProcessLibs output file:/Users/guosj-mac-mini/Documents/github_repos/dash-fire-and-ice/Demo_Run/tuanjieLib/build/default/intermediates/libs/default cache.
[2026-01-03T11:14:13.319] [DEBUG] debug-file - Incremental task tuanjieLib:default@ProcessLibs post-execution cost:1 ms .
[2026-01-03T11:14:13.319] [DEBUG] debug-file - Update task entry:default@ProcessResource output file:/Users/guosj-mac-mini/Documents/github_repos/dash-fire-and-ice/Demo_Run/entry/build/default/intermediates/res/default/resConfig.json cache.
[2026-01-03T11:14:13.319] [DEBUG] debug-file - Update task entry:default@ProcessResource output file:/Users/guosj-mac-mini/Documents/github_repos/dash-fire-and-ice/Demo_Run/entry/build/default/intermediates/res/default/opt-compression.json cache.
[2026-01-03T11:14:13.319] [DEBUG] debug-file - Incremental task entry:default@ProcessResource post-execution cost:1 ms .
[2026-01-03T11:14:13.319] [DEBUG] debug-file - Update task tuanjieLib:default@DoNativeStrip input file:/Users/guosj-mac-mini/Documents/github_repos/dash-fire-and-ice/Demo_Run/tuanjieLib/build/default/intermediates/libs/default cache by regenerate.
[2026-01-03T11:14:13.320] [DEBUG] debug-file - Update task tuanjieLib:default@DoNativeStrip output file:/Users/guosj-mac-mini/Documents/github_repos/dash-fire-and-ice/Demo_Run/tuanjieLib/build/default/intermediates/stripped_native_libs/default cache.
[2026-01-03T11:14:13.320] [DEBUG] debug-file - Incremental task tuanjieLib:default@DoNativeStrip post-execution cost:1 ms .
[2026-01-03T11:14:13.320] [DEBUG] debug-file - Update task entry:default@CompileResource input file:/Users/guosj-mac-mini/Documents/github_repos/dash-fire-and-ice/Demo_Run/entry/src/main/resources cache by regenerate.
[2026-01-03T11:14:13.320] [DEBUG] debug-file - Update task entry:default@CompileResource input file:/Users/guosj-mac-mini/Documents/github_repos/dash-fire-and-ice/Demo_Run/tuanjieLib/src/main/resources cache by regenerate.
[2026-01-03T11:14:13.321] [DEBUG] debug-file - Update task entry:default@CompileResource input file:/Users/guosj-mac-mini/Documents/github_repos/dash-fire-and-ice/Demo_Run/AppScope/resources cache by regenerate.
[2026-01-03T11:14:13.321] [DEBUG] debug-file - Update task entry:default@CompileResource input file:/Users/guosj-mac-mini/Documents/github_repos/dash-fire-and-ice/Demo_Run/entry/build/default/intermediates/process_profile/default/module.json cache by regenerate.
[2026-01-03T11:14:13.321] [DEBUG] debug-file - Update task entry:default@CompileResource input file:/Users/guosj-mac-mini/Documents/github_repos/dash-fire-and-ice/Demo_Run/entry/build/default/intermediates/res/default/resConfig.json cache by regenerate.
[2026-01-03T11:14:13.321] [DEBUG] debug-file - Update task entry:default@CompileResource output file:/Users/guosj-mac-mini/Documents/github_repos/dash-fire-and-ice/Demo_Run/entry/build/default/intermediates/res/default cache.
[2026-01-03T11:14:13.321] [DEBUG] debug-file - Update task entry:default@CompileResource output file:/Users/guosj-mac-mini/Documents/github_repos/dash-fire-and-ice/Demo_Run/entry/build/default/generated/r/default/ResourceTable.h cache.
[2026-01-03T11:14:13.322] [DEBUG] debug-file - Update task entry:default@CompileResource output file:/Users/guosj-mac-mini/Documents/github_repos/dash-fire-and-ice/Demo_Run/entry/build/default/generated/r/default cache.
[2026-01-03T11:14:13.322] [DEBUG] debug-file - Incremental task entry:default@CompileResource post-execution cost:2 ms .
[2026-01-03T11:14:13.322] [DEBUG] debug-file - Update task entry:default@CompileArkTS input file:/Users/guosj-mac-mini/Documents/github_repos/dash-fire-and-ice/Demo_Run/entry/build/default/intermediates/loader/default cache by regenerate.
[2026-01-03T11:14:13.322] [DEBUG] debug-file - Update task entry:default@CompileArkTS input file:/Users/guosj-mac-mini/Documents/github_repos/dash-fire-and-ice/Demo_Run/tuanjieLib/exported.ets cache by regenerate.
[2026-01-03T11:14:13.322] [DEBUG] debug-file - Update task entry:default@CompileArkTS input file:/Users/guosj-mac-mini/Documents/github_repos/dash-fire-and-ice/Demo_Run/tuanjieLib/src/main/ets cache by regenerate.
[2026-01-03T11:14:13.323] [DEBUG] debug-file - Update task entry:default@CompileArkTS input file:/Users/guosj-mac-mini/Documents/github_repos/dash-fire-and-ice/Demo_Run/entry/build/default/intermediates/res/default/resources/rawfile cache by regenerate.
[2026-01-03T11:14:13.323] [DEBUG] debug-file - Update task entry:default@CompileArkTS input file:/Users/guosj-mac-mini/Documents/github_repos/dash-fire-and-ice/Demo_Run/entry/build/default/intermediates/res/default/ResourceTable.txt cache by regenerate.
[2026-01-03T11:14:13.323] [DEBUG] debug-file - Update task entry:default@CompileArkTS input file:/Users/guosj-mac-mini/Documents/github_repos/dash-fire-and-ice/Demo_Run/entry/build/default/intermediates/res/default/ark_module.json cache by regenerate.
[2026-01-03T11:14:13.323] [DEBUG] debug-file - Update task entry:default@CompileArkTS input file:/Users/guosj-mac-mini/Documents/github_repos/dash-fire-and-ice/Demo_Run/entry/build/default/intermediates/res/default/resources/base/profile cache by regenerate.
[2026-01-03T11:14:13.323] [DEBUG] debug-file - Update task entry:default@CompileArkTS input file:/Users/guosj-mac-mini/Documents/github_repos/dash-fire-and-ice/Demo_Run/entry/src/main/ets cache by regenerate.
[2026-01-03T11:14:13.323] [DEBUG] debug-file - Update task entry:default@CompileArkTS input file:/Users/guosj-mac-mini/Documents/github_repos/dash-fire-and-ice/Demo_Run/entry/build/default/generated/profile/default/BuildProfile.ets cache by regenerate.
[2026-01-03T11:14:13.323] [DEBUG] debug-file - Update task entry:default@CompileArkTS input file:/Users/guosj-mac-mini/Documents/github_repos/dash-fire-and-ice/Demo_Run/tuanjieLib/BuildProfile.ets cache by regenerate.
[2026-01-03T11:14:13.323] [DEBUG] debug-file - Update task entry:default@CompileArkTS output file:/Users/guosj-mac-mini/Documents/github_repos/dash-fire-and-ice/Demo_Run/entry/build/default/intermediates/loader_out/default/ets cache.
[2026-01-03T11:14:13.323] [DEBUG] debug-file - Incremental task entry:default@CompileArkTS post-execution cost:2 ms .
[2026-01-03T11:14:13.323] [DEBUG] debug-file - Update task entry:default@BuildJS input file:/Users/guosj-mac-mini/Documents/github_repos/dash-fire-and-ice/Demo_Run/entry/build/default/intermediates/loader/default cache by regenerate.
[2026-01-03T11:14:13.323] [DEBUG] debug-file - Update task entry:default@BuildJS input file:/Users/guosj-mac-mini/Documents/github_repos/dash-fire-and-ice/Demo_Run/tuanjieLib/exported.ets cache by regenerate.
[2026-01-03T11:14:13.323] [DEBUG] debug-file - Update task entry:default@BuildJS input file:/Users/guosj-mac-mini/Documents/github_repos/dash-fire-and-ice/Demo_Run/entry/build/default/intermediates/res/default/resources/rawfile cache by regenerate.
[2026-01-03T11:14:13.324] [DEBUG] debug-file - Update task entry:default@BuildJS input file:/Users/guosj-mac-mini/Documents/github_repos/dash-fire-and-ice/Demo_Run/entry/build/default/intermediates/res/default/ResourceTable.txt cache by regenerate.
[2026-01-03T11:14:13.324] [DEBUG] debug-file - Update task entry:default@BuildJS input file:/Users/guosj-mac-mini/Documents/github_repos/dash-fire-and-ice/Demo_Run/entry/build/default/intermediates/res/default/ark_module.json cache by regenerate.
[2026-01-03T11:14:13.324] [DEBUG] debug-file - Update task entry:default@BuildJS input file:/Users/guosj-mac-mini/Documents/github_repos/dash-fire-and-ice/Demo_Run/entry/build/default/intermediates/res/default/resources/base/profile cache by regenerate.
[2026-01-03T11:14:13.324] [DEBUG] debug-file - Update task entry:default@BuildJS output file:/Users/guosj-mac-mini/Documents/github_repos/dash-fire-and-ice/Demo_Run/entry/build/default/intermediates/loader_out/default/js cache.
[2026-01-03T11:14:13.324] [DEBUG] debug-file - Incremental task entry:default@BuildJS post-execution cost:1 ms .
[2026-01-03T11:14:13.324] [DEBUG] debug-file - Update task entry:default@ProcessLibs input file:/Users/guosj-mac-mini/Documents/github_repos/dash-fire-and-ice/Demo_Run/tuanjieLib/build/default/intermediates/libs/default cache by regenerate.
[2026-01-03T11:14:13.324] [DEBUG] debug-file - Update task entry:default@ProcessLibs input file:/Users/guosj-mac-mini/Documents/github_repos/dash-fire-and-ice/Demo_Run/tuanjieLib/libs cache by regenerate.
[2026-01-03T11:14:13.324] [DEBUG] debug-file - Update task entry:default@ProcessLibs input file:/Users/guosj-mac-mini/Documents/github_repos/dash-fire-and-ice/Demo_Run/build-profile.json5 cache by regenerate.
[2026-01-03T11:14:13.324] [DEBUG] debug-file - Update task entry:default@ProcessLibs input file:/Users/guosj-mac-mini/Documents/github_repos/dash-fire-and-ice/Demo_Run/entry/build-profile.json5 cache by regenerate.
[2026-01-03T11:14:13.324] [DEBUG] debug-file - Update task entry:default@ProcessLibs output file:/Users/guosj-mac-mini/Documents/github_repos/dash-fire-and-ice/Demo_Run/entry/build/default/intermediates/libs/default cache.
[2026-01-03T11:14:13.324] [DEBUG] debug-file - Incremental task entry:default@ProcessLibs post-execution cost:1 ms .
[2026-01-03T11:14:13.324] [DEBUG] debug-file - Update task entry:default@DoNativeStrip input file:/Users/guosj-mac-mini/Documents/github_repos/dash-fire-and-ice/Demo_Run/entry/build/default/intermediates/libs/default cache by regenerate.
[2026-01-03T11:14:13.324] [DEBUG] debug-file - Update task entry:default@DoNativeStrip output file:/Users/guosj-mac-mini/Documents/github_repos/dash-fire-and-ice/Demo_Run/entry/build/default/intermediates/stripped_native_libs/default cache.
[2026-01-03T11:14:13.324] [DEBUG] debug-file - Incremental task entry:default@DoNativeStrip post-execution cost:1 ms .
[2026-01-03T11:14:13.324] [DEBUG] debug-file - Update task entry:default@CacheNativeLibs input file:/Users/guosj-mac-mini/Documents/github_repos/dash-fire-and-ice/Demo_Run/entry/build/default/intermediates/stripped_native_libs/default cache by regenerate.
[2026-01-03T11:14:13.325] [DEBUG] debug-file - Update task entry:default@CacheNativeLibs input file:/Users/guosj-mac-mini/Documents/github_repos/dash-fire-and-ice/Demo_Run/entry/build/default/intermediates/libs/default cache by regenerate.
[2026-01-03T11:14:13.325] [DEBUG] debug-file - Update task entry:default@CacheNativeLibs output file:/Users/guosj-mac-mini/Documents/github_repos/dash-fire-and-ice/Demo_Run/entry/build/default/intermediates/patch/default/base_native_libs.json cache.
[2026-01-03T11:14:13.325] [DEBUG] debug-file - Incremental task entry:default@CacheNativeLibs post-execution cost:1 ms .
[2026-01-03T11:14:13.325] [DEBUG] debug-file - Update task entry:default@GeneratePkgModuleJson input file:/Users/guosj-mac-mini/Documents/github_repos/dash-fire-and-ice/Demo_Run/entry/build/default/intermediates/res/default/module.json cache by regenerate.
[2026-01-03T11:14:13.325] [DEBUG] debug-file - Update task entry:default@GeneratePkgModuleJson output file:/Users/guosj-mac-mini/Documents/github_repos/dash-fire-and-ice/Demo_Run/entry/build/default/intermediates/package/default/module.json cache.
[2026-01-03T11:14:13.325] [DEBUG] debug-file - Incremental task entry:default@GeneratePkgModuleJson post-execution cost:1 ms .
[2026-01-03T11:14:13.325] [DEBUG] debug-file - Incremental task entry:default@ProcessCompiledResources post-execution cost:1 ms .
[2026-01-03T11:14:13.325] [DEBUG] debug-file - Update task entry:default@PackageHap input file:/Users/guosj-mac-mini/Documents/github_repos/dash-fire-and-ice/Demo_Run/entry/build/default/intermediates/stripped_native_libs/default cache by regenerate.
[2026-01-03T11:14:13.325] [DEBUG] debug-file - Update task entry:default@PackageHap input file:/Users/guosj-mac-mini/Documents/github_repos/dash-fire-and-ice/Demo_Run/entry/build/default/intermediates/res/default/module.json cache by regenerate.
[2026-01-03T11:14:13.325] [DEBUG] debug-file - Update task entry:default@PackageHap input file:/Users/guosj-mac-mini/Documents/github_repos/dash-fire-and-ice/Demo_Run/entry/build/default/intermediates/res/default/resources cache by regenerate.
[2026-01-03T11:14:13.326] [DEBUG] debug-file - Update task entry:default@PackageHap input file:/Users/guosj-mac-mini/Documents/github_repos/dash-fire-and-ice/Demo_Run/entry/build/default/intermediates/res/default/resources.index cache by regenerate.
[2026-01-03T11:14:13.326] [DEBUG] debug-file - Update task entry:default@PackageHap input file:/Users/guosj-mac-mini/Documents/github_repos/dash-fire-and-ice/Demo_Run/entry/build/default/outputs/default/pack.info cache by regenerate.
[2026-01-03T11:14:13.326] [DEBUG] debug-file - Update task entry:default@PackageHap input file:/Users/guosj-mac-mini/Documents/github_repos/dash-fire-and-ice/Demo_Run/entry/build/default/intermediates/loader_out/default/ets cache by regenerate.
[2026-01-03T11:14:13.326] [DEBUG] debug-file - Update task entry:default@PackageHap input file:/Users/guosj-mac-mini/Documents/github_repos/dash-fire-and-ice/Demo_Run/entry/build/default/intermediates/loader_out/default/ets/sourceMaps.map cache by regenerate.
[2026-01-03T11:14:13.326] [DEBUG] debug-file - Update task entry:default@PackageHap input file:/Users/guosj-mac-mini/Documents/github_repos/dash-fire-and-ice/Demo_Run/entry/build/default/generated/profile/default/BuildProfile.ets cache by regenerate.
[2026-01-03T11:14:13.326] [DEBUG] debug-file - Update task entry:default@PackageHap output file:/Users/guosj-mac-mini/Documents/github_repos/dash-fire-and-ice/Demo_Run/entry/build/default/outputs/default/entry-default-unsigned.hap cache.
[2026-01-03T11:14:13.326] [DEBUG] debug-file - Update task entry:default@PackageHap output file:/Users/guosj-mac-mini/Documents/github_repos/dash-fire-and-ice/Demo_Run/entry/build/default/intermediates/source_map/default/sourceMaps.map cache.
[2026-01-03T11:14:13.326] [DEBUG] debug-file - Update task entry:default@PackageHap output file:/Users/guosj-mac-mini/Documents/github_repos/dash-fire-and-ice/Demo_Run/entry/build/default/outputs/default/mapping/sourceMaps.map cache.
[2026-01-03T11:14:13.326] [DEBUG] debug-file - Incremental task entry:default@PackageHap post-execution cost:2 ms .
[2026-01-03T11:14:13.326] [DEBUG] debug-file - Update task entry:default@SignHap input file:/Users/guosj-mac-mini/Documents/github_repos/dash-fire-and-ice/Demo_Run/entry/build/default/outputs/default/entry-default-unsigned.hap cache by regenerate.
[2026-01-03T11:14:13.326] [DEBUG] debug-file - Update task entry:default@SignHap output file:/Users/guosj-mac-mini/Documents/github_repos/dash-fire-and-ice/Demo_Run/entry/build/default/outputs/default/entry-default-signed.hap cache.
[2026-01-03T11:14:13.326] [DEBUG] debug-file - Incremental task entry:default@SignHap post-execution cost:1 ms .
[2026-01-03T11:14:13.326] [DEBUG] debug-file - Update task entry:default@CollectDebugSymbol input file:/Users/guosj-mac-mini/Documents/github_repos/dash-fire-and-ice/Demo_Run/entry/build/default/intermediates/loader_out/default/ets/sourceMaps.map cache by regenerate.
[2026-01-03T11:14:13.326] [DEBUG] debug-file - Update task entry:default@CollectDebugSymbol input file:/Users/guosj-mac-mini/Documents/github_repos/dash-fire-and-ice/Demo_Run/entry/build/default/intermediates/libs/default cache by regenerate.
[2026-01-03T11:14:13.326] [DEBUG] debug-file - Update task entry:default@CollectDebugSymbol output file:/Users/guosj-mac-mini/Documents/github_repos/dash-fire-and-ice/Demo_Run/entry/build/default/outputs/default/symbol cache.
[2026-01-03T11:14:13.326] [DEBUG] debug-file - Incremental task entry:default@CollectDebugSymbol post-execution cost:1 ms .
[2026-01-03T11:14:13.332] [DEBUG] debug-file - Cleanup worker 7.
[2026-01-03T11:14:13.332] [DEBUG] debug-file - Worker 7 has been cleaned up.
[2026-01-03T11:14:13.332] [DEBUG] debug-file - Current idle worker size: 2.
[2026-01-03T11:14:13.332] [DEBUG] debug-file - Current resident worker size: 3.
[2026-01-03T11:14:13.332] [DEBUG] debug-file - Cleanup worker 8.
[2026-01-03T11:14:13.332] [DEBUG] debug-file - Worker 8 has been cleaned up.
[2026-01-03T11:14:13.332] [DEBUG] debug-file - Current idle worker size: 1.
[2026-01-03T11:14:13.332] [DEBUG] debug-file - Current resident worker size: 3.
[2026-01-03T11:14:13.333] [DEBUG] debug-file - hvigor build process will be closed.
[2026-01-03T11:14:13.334] [DEBUG] debug-file - java daemon socket close code:1000 reason:close by user
[2026-01-03T11:14:13.335] [DEBUG] debug-file - session manager: send message to worker process.
[2026-01-03T11:14:13.335] [DEBUG] debug-file - session manager: send message to worker process.
[2026-01-03T11:14:13.335] [DEBUG] debug-file - watch worker: worker id should be larger than 0. Nothing will be sent to any worker thread.
[2026-01-03T11:14:13.335] [DEBUG] debug-file - watch worker: worker id should be larger than 0. Nothing will be sent to any worker thread.
[2026-01-03T11:14:13.340] [DEBUG] debug-file - worker[7] exits with exit code 1.
[2026-01-03T11:14:13.340] [DEBUG] debug-file - worker[8] exits with exit code 1.
[2026-01-03T11:14:38.323] [DEBUG] debug-file - session manager: set active socket. socketId=6kuIK2euDSqXKfWrAAAF
[2026-01-03T11:14:38.324] [DEBUG] debug-file - watch worker: worker id should be larger than 0. Nothing will be sent to any worker thread.
[2026-01-03T11:14:38.327] [DEBUG] debug-file - Hvigor init with startParameters:{
  hvigorfileTypeCheck: false,
  parallelExecution: true,
  incrementalExecution: true,
  printStackTrace: false,
  daemon: true,
  analyze: 0,
  logLevel: Level { level: 20000, levelStr: 'INFO', colour: 'green' },
  optimizationStrategy: 'memory',
  hotCompile: undefined,
  hotReloadBuild: undefined
}
[2026-01-03T11:14:38.330] [DEBUG] debug-file - Cache service initialization finished in 3 ms 
[2026-01-03T11:14:38.330] [DEBUG] debug-file - hvigorfile, resolving /Users/guosj-mac-mini/Documents/github_repos/dash-fire-and-ice/Demo_Run/hvigorfile.ts
[2026-01-03T11:14:38.357] [DEBUG] debug-file - hvigorfile, require result:  { default: { plugins: [] } }
[2026-01-03T11:14:38.357] [DEBUG] debug-file - hvigorfile, binding system plugins null
[2026-01-03T11:14:38.362] [DEBUG] debug-file - Start initialize project's product build option map with build mode debug.
[2026-01-03T11:14:38.362] [DEBUG] debug-file - Picking option from product 'default' with build mode 'debug'.
[2026-01-03T11:14:38.362] [DEBUG] debug-file - Product 'default' build option initialized
[2026-01-03T11:14:38.362] [DEBUG] debug-file - End initialize project's product build option map with build mode 'debug'.
[2026-01-03T11:14:38.362] [DEBUG] debug-file - Obtain build option for product 'default'in this build.
[2026-01-03T11:14:38.363] [DEBUG] debug-file - /Users/guosj-mac-mini/Documents/github_repos/dash-fire-and-ice/Demo_Run/build/cache/default/remote_hsp/remoteHspCache.json not exists.
[2026-01-03T11:14:38.364] [DEBUG] debug-file - Start recording SDK configuration permission data.
[2026-01-03T11:14:38.375] [DEBUG] debug-file - Sdk init in 12 ms 
[2026-01-03T11:14:38.376] [DEBUG] debug-file - Project task initialization takes 1 ms 
[2026-01-03T11:14:38.376] [DEBUG] debug-file - hvigorfile, binding custom plugins []
[2026-01-03T11:14:38.376] [DEBUG] debug-file - hvigorfile, no custom plugins were found in /Users/guosj-mac-mini/Documents/github_repos/dash-fire-and-ice/Demo_Run/hvigorfile.ts
[2026-01-03T11:14:38.376] [DEBUG] debug-file - hvigorfile, resolve finished /Users/guosj-mac-mini/Documents/github_repos/dash-fire-and-ice/Demo_Run/hvigorfile.ts
[2026-01-03T11:14:38.376] [DEBUG] debug-file - hvigorfile, resolving /Users/guosj-mac-mini/Documents/github_repos/dash-fire-and-ice/Demo_Run/entry/hvigorfile.ts
[2026-01-03T11:14:38.379] [DEBUG] debug-file - hvigorfile, require result:  {}
[2026-01-03T11:14:38.379] [DEBUG] debug-file - hvigorfile, binding system plugins {}
[2026-01-03T11:14:38.379] [DEBUG] debug-file - failed to load cangjie to dynamically generate schemas: Error: Cannot find module '@ohos/cangjie-build-support/index'
Require stack:
- /Applications/DevEco-Studio.app/Contents/tools/hvigor/hvigor-ohos-plugin/src/plugin/factory/plugin-factory.js
- /Applications/DevEco-Studio.app/Contents/tools/hvigor/hvigor-ohos-plugin/index.js
- /Users/guosj-mac-mini/Documents/github_repos/dash-fire-and-ice/Demo_Run/hvigorfile.ts
- /Applications/DevEco-Studio.app/Contents/tools/hvigor/hvigor/src/base/internal/lifecycle/configuration.js
- /Applications/DevEco-Studio.app/Contents/tools/hvigor/hvigor/src/base/boot/index.js
- /Applications/DevEco-Studio.app/Contents/tools/hvigor/hvigor/src/base/daemon/cluster/worker-process-lifecycle.js
- /Applications/DevEco-Studio.app/Contents/tools/hvigor/hvigor/src/base/daemon/process/daemon-process-boot-script.js
[2026-01-03T11:14:38.381] [DEBUG] debug-file - Start initialize module-target build option map, moduleName=entry, buildMode=release
[2026-01-03T11:14:38.381] [DEBUG] debug-file - Target 'default' config initialized
[2026-01-03T11:14:38.381] [DEBUG] debug-file - Module 'entry' target 'default' build option initialized
[2026-01-03T11:14:38.381] [DEBUG] debug-file - End initialize module-target build option map, moduleName=entry
[2026-01-03T11:14:38.381] [DEBUG] debug-file - Start initialize module-target build option map, moduleName=entry, buildMode=debug
[2026-01-03T11:14:38.381] [DEBUG] debug-file - Target 'default' config initialized
[2026-01-03T11:14:38.381] [DEBUG] debug-file - Module 'entry' target 'default' build option initialized
[2026-01-03T11:14:38.381] [DEBUG] debug-file - End initialize module-target build option map, moduleName=entry
[2026-01-03T11:14:38.381] [DEBUG] debug-file - Start initialize module-target build option map, moduleName=entry, buildMode=debug
[2026-01-03T11:14:38.381] [DEBUG] debug-file - Target 'default' config initialized
[2026-01-03T11:14:38.381] [DEBUG] debug-file - Module 'entry' target 'default' build option initialized
[2026-01-03T11:14:38.381] [DEBUG] debug-file - End initialize module-target build option map, moduleName=entry
[2026-01-03T11:14:38.381] [DEBUG] debug-file - Obtain build option for module 'entry' target 'default'in this build.
[2026-01-03T11:14:38.382] [DEBUG] debug-file - Module entry task initialization takes 1 ms 
[2026-01-03T11:14:38.383] [DEBUG] debug-file - hvigorfile, resolve finished /Users/guosj-mac-mini/Documents/github_repos/dash-fire-and-ice/Demo_Run/entry/hvigorfile.ts
[2026-01-03T11:14:38.383] [DEBUG] debug-file - hvigorfile, resolving /Users/guosj-mac-mini/Documents/github_repos/dash-fire-and-ice/Demo_Run/tuanjieLib/hvigorfile.ts
[2026-01-03T11:14:38.384] [DEBUG] debug-file - hvigorfile, require result:  {}
[2026-01-03T11:14:38.384] [DEBUG] debug-file - hvigorfile, binding system plugins {}
[2026-01-03T11:14:38.384] [DEBUG] debug-file - failed to load cangjie to dynamically generate schemas: Error: Cannot find module '@ohos/cangjie-build-support/index'
Require stack:
- /Applications/DevEco-Studio.app/Contents/tools/hvigor/hvigor-ohos-plugin/src/plugin/factory/plugin-factory.js
- /Applications/DevEco-Studio.app/Contents/tools/hvigor/hvigor-ohos-plugin/index.js
- /Users/guosj-mac-mini/Documents/github_repos/dash-fire-and-ice/Demo_Run/hvigorfile.ts
- /Applications/DevEco-Studio.app/Contents/tools/hvigor/hvigor/src/base/internal/lifecycle/configuration.js
- /Applications/DevEco-Studio.app/Contents/tools/hvigor/hvigor/src/base/boot/index.js
- /Applications/DevEco-Studio.app/Contents/tools/hvigor/hvigor/src/base/daemon/cluster/worker-process-lifecycle.js
- /Applications/DevEco-Studio.app/Contents/tools/hvigor/hvigor/src/base/daemon/process/daemon-process-boot-script.js
[2026-01-03T11:14:38.386] [DEBUG] debug-file - Start initialize module-target build option map, moduleName=tuanjieLib, buildMode=release
[2026-01-03T11:14:38.386] [DEBUG] debug-file - Target 'default' config initialized
[2026-01-03T11:14:38.386] [DEBUG] debug-file - Module 'tuanjieLib' target 'default' build option initialized
[2026-01-03T11:14:38.386] [DEBUG] debug-file - End initialize module-target build option map, moduleName=tuanjieLib
[2026-01-03T11:14:38.386] [DEBUG] debug-file - Start initialize module-target build option map, moduleName=tuanjieLib, buildMode=debug
[2026-01-03T11:14:38.386] [DEBUG] debug-file - Target 'default' config initialized
[2026-01-03T11:14:38.386] [DEBUG] debug-file - Module 'tuanjieLib' target 'default' build option initialized
[2026-01-03T11:14:38.386] [DEBUG] debug-file - End initialize module-target build option map, moduleName=tuanjieLib
[2026-01-03T11:14:38.386] [DEBUG] debug-file - Start initialize module-target build option map, moduleName=tuanjieLib, buildMode=debug
[2026-01-03T11:14:38.386] [DEBUG] debug-file - Target 'default' config initialized
[2026-01-03T11:14:38.386] [DEBUG] debug-file - Module 'tuanjieLib' target 'default' build option initialized
[2026-01-03T11:14:38.386] [DEBUG] debug-file - End initialize module-target build option map, moduleName=tuanjieLib
[2026-01-03T11:14:38.386] [DEBUG] debug-file - Obtain build option for module 'tuanjieLib' target 'default'in this build.
[2026-01-03T11:14:38.387] [DEBUG] debug-file - Module tuanjieLib task initialization takes 1 ms 
[2026-01-03T11:14:38.387] [DEBUG] debug-file - hvigorfile, resolve finished /Users/guosj-mac-mini/Documents/github_repos/dash-fire-and-ice/Demo_Run/tuanjieLib/hvigorfile.ts
[2026-01-03T11:14:38.416] [DEBUG] debug-file - hvigorfile, resolve hvigorfile dependencies in 30 ms 
[2026-01-03T11:14:38.416] [DEBUG] debug-file - project has submodules:entry,tuanjieLib
[2026-01-03T11:14:38.416] [DEBUG] debug-file - module:tuanjieLib no need to execute packageHap
[2026-01-03T11:14:38.417] [DEBUG] debug-file - start to load updatedOhPackageInfo to the disk
[2026-01-03T11:14:38.418] [DEBUG] debug-file - load to the disk finished
[2026-01-03T11:14:38.418] [DEBUG] debug-file - Start to initialize dependency information.
[2026-01-03T11:14:38.419] [DEBUG] debug-file - Module Demo_Run Collected Dependency: 
[2026-01-03T11:14:38.419] [DEBUG] debug-file - Module Demo_Run's total dependency: 0
[2026-01-03T11:14:38.419] [DEBUG] debug-file - Start to initialize dependency information.
[2026-01-03T11:14:38.420] [DEBUG] debug-file - Module entry Collected Dependency: /Users/guosj-mac-mini/Documents/github_repos/dash-fire-and-ice/Demo_Run/tuanjieLib
[2026-01-03T11:14:38.420] [DEBUG] debug-file - Module entry's total dependency: 1
[2026-01-03T11:14:38.421] [DEBUG] debug-file - Start to initialize dependency information.
[2026-01-03T11:14:38.421] [DEBUG] debug-file - Module tuanjieLib Collected Dependency: 
[2026-01-03T11:14:38.421] [DEBUG] debug-file - Module tuanjieLib's total dependency: 0
[2026-01-03T11:14:38.421] [DEBUG] debug-file - Configuration phase cost:92 ms 
[2026-01-03T11:14:38.422] [DEBUG] debug-file - Configuration task cost before running: 97 ms 
[2026-01-03T11:14:38.422] [DEBUG] debug-file - Executing task :entry:init
[2026-01-03T11:14:38.422] [DEBUG] debug-file - entry : init cost memory 0.01560211181640625
[2026-01-03T11:14:38.422] [DEBUG] debug-file - runTaskFromQueue task cost before running: 97 ms 
[2026-01-03T11:14:38.422] [INFO] debug-file - Finished :entry:init... after 1 ms 
[2026-01-03T11:14:38.422] [DEBUG] debug-file - Executing task :tuanjieLib:init
[2026-01-03T11:14:38.422] [DEBUG] debug-file - tuanjieLib : init cost memory 0.014495849609375
[2026-01-03T11:14:38.422] [DEBUG] debug-file - runTaskFromQueue task cost before running: 97 ms 
[2026-01-03T11:14:38.422] [INFO] debug-file - Finished :tuanjieLib:init... after 1 ms 
[2026-01-03T11:14:38.422] [DEBUG] debug-file - Executing task ::init
[2026-01-03T11:14:38.422] [DEBUG] debug-file - Demo_Run : init cost memory 0.01647186279296875
[2026-01-03T11:14:38.422] [DEBUG] debug-file - runTaskFromQueue task cost before running: 97 ms 
[2026-01-03T11:14:38.422] [INFO] debug-file - Finished ::init... after 1 ms 
[2026-01-03T11:14:38.422] [DEBUG] debug-file - Obtain build option for module 'entry' target 'default'in this build.
[2026-01-03T11:14:38.422] [DEBUG] debug-file - Obtain build option for module 'tuanjieLib' target 'default'in this build.
[2026-01-03T11:14:38.423] [DEBUG] debug-file - hvigor build process will be closed.
[2026-01-03T11:14:38.448] [DEBUG] debug-file - session manager: send message to worker process.
[2026-01-03T11:14:38.448] [DEBUG] debug-file - session manager: send message to worker process.
[2026-01-03T11:14:38.448] [DEBUG] debug-file - watch worker: worker id should be larger than 0. Nothing will be sent to any worker thread.
[2026-01-03T11:14:38.448] [DEBUG] debug-file - watch worker: worker id should be larger than 0. Nothing will be sent to any worker thread.
[2026-01-03T11:14:53.056] [DEBUG] debug-file - session manager: set active socket. socketId=G-n0He_BCyYBRDowAAAH
[2026-01-03T11:14:53.058] [DEBUG] debug-file - watch worker: worker id should be larger than 0. Nothing will be sent to any worker thread.
[2026-01-03T11:14:53.059] [DEBUG] debug-file - Hvigor init with startParameters:{
  hvigorfileTypeCheck: false,
  parallelExecution: true,
  incrementalExecution: true,
  printStackTrace: false,
  daemon: true,
  analyze: 0,
  logLevel: Level { level: 20000, levelStr: 'INFO', colour: 'green' },
  optimizationStrategy: 'memory',
  hotCompile: undefined,
  hotReloadBuild: undefined
}
[2026-01-03T11:14:53.060] [DEBUG] debug-file - Cache service initialization finished in 2 ms 
[2026-01-03T11:14:53.061] [DEBUG] debug-file - hvigorfile, resolving /Users/guosj-mac-mini/Documents/github_repos/dash-fire-and-ice/Demo_Run/hvigorfile.ts
[2026-01-03T11:14:53.063] [DEBUG] debug-file - hvigorfile, require result:  { default: { plugins: [] } }
[2026-01-03T11:14:53.063] [DEBUG] debug-file - hvigorfile, binding system plugins null
[2026-01-03T11:14:53.065] [DEBUG] debug-file - Start initialize project's product build option map with build mode debug.
[2026-01-03T11:14:53.065] [DEBUG] debug-file - Picking option from product 'default' with build mode 'debug'.
[2026-01-03T11:14:53.065] [DEBUG] debug-file - Product 'default' build option initialized
[2026-01-03T11:14:53.065] [DEBUG] debug-file - End initialize project's product build option map with build mode 'debug'.
[2026-01-03T11:14:53.065] [DEBUG] debug-file - Obtain build option for product 'default'in this build.
[2026-01-03T11:14:53.065] [DEBUG] debug-file - /Users/guosj-mac-mini/Documents/github_repos/dash-fire-and-ice/Demo_Run/build/cache/default/remote_hsp/remoteHspCache.json not exists.
[2026-01-03T11:14:53.066] [DEBUG] debug-file - Start recording SDK configuration permission data.
[2026-01-03T11:14:53.077] [DEBUG] debug-file - Sdk init in 12 ms 
[2026-01-03T11:14:53.078] [DEBUG] debug-file - Project task initialization takes 1 ms 
[2026-01-03T11:14:53.078] [DEBUG] debug-file - hvigorfile, binding custom plugins []
[2026-01-03T11:14:53.078] [DEBUG] debug-file - hvigorfile, no custom plugins were found in /Users/guosj-mac-mini/Documents/github_repos/dash-fire-and-ice/Demo_Run/hvigorfile.ts
[2026-01-03T11:14:53.078] [DEBUG] debug-file - hvigorfile, resolve finished /Users/guosj-mac-mini/Documents/github_repos/dash-fire-and-ice/Demo_Run/hvigorfile.ts
[2026-01-03T11:14:53.078] [DEBUG] debug-file - hvigorfile, resolving /Users/guosj-mac-mini/Documents/github_repos/dash-fire-and-ice/Demo_Run/entry/hvigorfile.ts
[2026-01-03T11:14:53.079] [DEBUG] debug-file - hvigorfile, require result:  {}
[2026-01-03T11:14:53.080] [DEBUG] debug-file - hvigorfile, binding system plugins {}
[2026-01-03T11:14:53.080] [DEBUG] debug-file - failed to load cangjie to dynamically generate schemas: Error: Cannot find module '@ohos/cangjie-build-support/index'
Require stack:
- /Applications/DevEco-Studio.app/Contents/tools/hvigor/hvigor-ohos-plugin/src/plugin/factory/plugin-factory.js
- /Applications/DevEco-Studio.app/Contents/tools/hvigor/hvigor-ohos-plugin/index.js
- /Users/guosj-mac-mini/Documents/github_repos/dash-fire-and-ice/Demo_Run/hvigorfile.ts
- /Applications/DevEco-Studio.app/Contents/tools/hvigor/hvigor/src/base/internal/lifecycle/configuration.js
- /Applications/DevEco-Studio.app/Contents/tools/hvigor/hvigor/src/base/boot/index.js
- /Applications/DevEco-Studio.app/Contents/tools/hvigor/hvigor/src/base/daemon/cluster/worker-process-lifecycle.js
- /Applications/DevEco-Studio.app/Contents/tools/hvigor/hvigor/src/base/daemon/process/daemon-process-boot-script.js
[2026-01-03T11:14:53.080] [DEBUG] debug-file - Start initialize module-target build option map, moduleName=entry, buildMode=release
[2026-01-03T11:14:53.080] [DEBUG] debug-file - Target 'default' config initialized
[2026-01-03T11:14:53.080] [DEBUG] debug-file - Module 'entry' target 'default' build option initialized
[2026-01-03T11:14:53.080] [DEBUG] debug-file - End initialize module-target build option map, moduleName=entry
[2026-01-03T11:14:53.080] [DEBUG] debug-file - Start initialize module-target build option map, moduleName=entry, buildMode=debug
[2026-01-03T11:14:53.080] [DEBUG] debug-file - Target 'default' config initialized
[2026-01-03T11:14:53.080] [DEBUG] debug-file - Module 'entry' target 'default' build option initialized
[2026-01-03T11:14:53.080] [DEBUG] debug-file - End initialize module-target build option map, moduleName=entry
[2026-01-03T11:14:53.080] [DEBUG] debug-file - Start initialize module-target build option map, moduleName=entry, buildMode=debug
[2026-01-03T11:14:53.080] [DEBUG] debug-file - Target 'default' config initialized
[2026-01-03T11:14:53.080] [DEBUG] debug-file - Module 'entry' target 'default' build option initialized
[2026-01-03T11:14:53.080] [DEBUG] debug-file - End initialize module-target build option map, moduleName=entry
[2026-01-03T11:14:53.080] [DEBUG] debug-file - Obtain build option for module 'entry' target 'default'in this build.
[2026-01-03T11:14:53.081] [DEBUG] debug-file - Module entry task initialization takes 1 ms 
[2026-01-03T11:14:53.081] [DEBUG] debug-file - hvigorfile, resolve finished /Users/guosj-mac-mini/Documents/github_repos/dash-fire-and-ice/Demo_Run/entry/hvigorfile.ts
[2026-01-03T11:14:53.081] [DEBUG] debug-file - hvigorfile, resolving /Users/guosj-mac-mini/Documents/github_repos/dash-fire-and-ice/Demo_Run/tuanjieLib/hvigorfile.ts
[2026-01-03T11:14:53.082] [DEBUG] debug-file - hvigorfile, require result:  {}
[2026-01-03T11:14:53.082] [DEBUG] debug-file - hvigorfile, binding system plugins {}
[2026-01-03T11:14:53.082] [DEBUG] debug-file - failed to load cangjie to dynamically generate schemas: Error: Cannot find module '@ohos/cangjie-build-support/index'
Require stack:
- /Applications/DevEco-Studio.app/Contents/tools/hvigor/hvigor-ohos-plugin/src/plugin/factory/plugin-factory.js
- /Applications/DevEco-Studio.app/Contents/tools/hvigor/hvigor-ohos-plugin/index.js
- /Users/guosj-mac-mini/Documents/github_repos/dash-fire-and-ice/Demo_Run/hvigorfile.ts
- /Applications/DevEco-Studio.app/Contents/tools/hvigor/hvigor/src/base/internal/lifecycle/configuration.js
- /Applications/DevEco-Studio.app/Contents/tools/hvigor/hvigor/src/base/boot/index.js
- /Applications/DevEco-Studio.app/Contents/tools/hvigor/hvigor/src/base/daemon/cluster/worker-process-lifecycle.js
- /Applications/DevEco-Studio.app/Contents/tools/hvigor/hvigor/src/base/daemon/process/daemon-process-boot-script.js
[2026-01-03T11:14:53.082] [DEBUG] debug-file - Start initialize module-target build option map, moduleName=tuanjieLib, buildMode=release
[2026-01-03T11:14:53.082] [DEBUG] debug-file - Target 'default' config initialized
[2026-01-03T11:14:53.083] [DEBUG] debug-file - Module 'tuanjieLib' target 'default' build option initialized
[2026-01-03T11:14:53.083] [DEBUG] debug-file - End initialize module-target build option map, moduleName=tuanjieLib
[2026-01-03T11:14:53.083] [DEBUG] debug-file - Start initialize module-target build option map, moduleName=tuanjieLib, buildMode=debug
[2026-01-03T11:14:53.083] [DEBUG] debug-file - Target 'default' config initialized
[2026-01-03T11:14:53.083] [DEBUG] debug-file - Module 'tuanjieLib' target 'default' build option initialized
[2026-01-03T11:14:53.083] [DEBUG] debug-file - End initialize module-target build option map, moduleName=tuanjieLib
[2026-01-03T11:14:53.083] [DEBUG] debug-file - Start initialize module-target build option map, moduleName=tuanjieLib, buildMode=debug
[2026-01-03T11:14:53.083] [DEBUG] debug-file - Target 'default' config initialized
[2026-01-03T11:14:53.083] [DEBUG] debug-file - Module 'tuanjieLib' target 'default' build option initialized
[2026-01-03T11:14:53.083] [DEBUG] debug-file - End initialize module-target build option map, moduleName=tuanjieLib
[2026-01-03T11:14:53.083] [DEBUG] debug-file - Obtain build option for module 'tuanjieLib' target 'default'in this build.
[2026-01-03T11:14:53.083] [DEBUG] debug-file - Module tuanjieLib task initialization takes 1 ms 
[2026-01-03T11:14:53.083] [DEBUG] debug-file - hvigorfile, resolve finished /Users/guosj-mac-mini/Documents/github_repos/dash-fire-and-ice/Demo_Run/tuanjieLib/hvigorfile.ts
[2026-01-03T11:14:53.114] [DEBUG] debug-file - hvigorfile, resolve hvigorfile dependencies in 31 ms 
[2026-01-03T11:14:53.114] [DEBUG] debug-file - project has submodules:entry,tuanjieLib
[2026-01-03T11:14:53.114] [DEBUG] debug-file - module:tuanjieLib no need to execute packageHap
[2026-01-03T11:14:53.114] [DEBUG] debug-file - start to load updatedOhPackageInfo to the disk
[2026-01-03T11:14:53.115] [DEBUG] debug-file - load to the disk finished
[2026-01-03T11:14:53.115] [DEBUG] debug-file - Start to initialize dependency information.
[2026-01-03T11:14:53.116] [DEBUG] debug-file - Module Demo_Run Collected Dependency: 
[2026-01-03T11:14:53.116] [DEBUG] debug-file - Module Demo_Run's total dependency: 0
[2026-01-03T11:14:53.116] [DEBUG] debug-file - Start to initialize dependency information.
[2026-01-03T11:14:53.117] [DEBUG] debug-file - Module entry Collected Dependency: /Users/guosj-mac-mini/Documents/github_repos/dash-fire-and-ice/Demo_Run/tuanjieLib
[2026-01-03T11:14:53.117] [DEBUG] debug-file - Module entry's total dependency: 1
[2026-01-03T11:14:53.117] [DEBUG] debug-file - Start to initialize dependency information.
[2026-01-03T11:14:53.117] [DEBUG] debug-file - Module tuanjieLib Collected Dependency: 
[2026-01-03T11:14:53.117] [DEBUG] debug-file - Module tuanjieLib's total dependency: 0
[2026-01-03T11:14:53.118] [DEBUG] debug-file - Configuration phase cost:58 ms 
[2026-01-03T11:14:53.118] [DEBUG] debug-file - Configuration task cost before running: 60 ms 
[2026-01-03T11:14:53.120] [DEBUG] debug-file - Executing task :entry:default@PreBuild
[2026-01-03T11:14:53.120] [WARN] debug-file - The project has not explicitly set the 'targetSdkVersion' version at build-profile.json5. It is recommended to configure it. Reference: https://developer.huawei.com/consumer/cn/doc/harmonyos-guides/ide-hvigor-build-profile-app#section45865492619
[2026-01-03T11:14:53.120] [DEBUG] debug-file - Task 'entry:default@PreBuild' cost while wrapping incremental declarations: 1 ms 
[2026-01-03T11:14:53.121] [DEBUG] debug-file - entry:default@PreBuild is not up-to-date, since the input file '/Users/guosj-mac-mini/Documents/github_repos/dash-fire-and-ice/Demo_Run/build-profile.json5' has been changed.
[2026-01-03T11:14:53.121] [DEBUG] debug-file - Incremental task entry:default@PreBuild pre-execution cost: 1 ms .
[2026-01-03T11:14:53.127] [DEBUG] debug-file - current product is not Atomic service.
[2026-01-03T11:14:53.127] [DEBUG] debug-file - Use tool [darwin: JAVA_HOME, CLASSPATH]
 [
  {
    JAVA_HOME: '/Applications/DevEco-Studio.app/Contents/jbr/Contents/Home'
  },
  { CLASSPATH: undefined }
]
[2026-01-03T11:14:53.127] [DEBUG] debug-file - Use tool [darwin: NODE_HOME]
 [
  {
    NODE_HOME: '/Applications/DevEco-Studio.app/Contents/tools/node/bin'
  }
]
[2026-01-03T11:14:53.127] [DEBUG] debug-file - entry : default@PreBuild cost memory 1.20269775390625
[2026-01-03T11:14:53.127] [DEBUG] debug-file - runTaskFromQueue task cost before running: 70 ms 
[2026-01-03T11:14:53.128] [INFO] debug-file - Finished :entry:default@PreBuild... after 8 ms 
[2026-01-03T11:14:53.128] [DEBUG] debug-file - Executing task :tuanjieLib:default@PreBuild
[2026-01-03T11:14:53.128] [DEBUG] debug-file - Task 'tuanjieLib:default@PreBuild' cost while wrapping incremental declarations: 1 ms 
[2026-01-03T11:14:53.128] [DEBUG] debug-file - tuanjieLib:default@PreBuild is not up-to-date, since the input file '/Users/guosj-mac-mini/Documents/github_repos/dash-fire-and-ice/Demo_Run/build-profile.json5' has been changed.
[2026-01-03T11:14:53.128] [DEBUG] debug-file - Incremental task tuanjieLib:default@PreBuild pre-execution cost: 1 ms .
[2026-01-03T11:14:53.129] [WARN] debug-file - The name of the 'tuanjieLib' module does not comply with the regular expression: /^(@(?![0-9-_])[a-z0-9-_]+(?<![-_])\/)?(?![0-9-_.])[a-z0-9-_.]+(?<![-_.])$/.
               This will affect the installation and publication by ohpm.
               Make sure the value of name in the oh-package.json5 file of the module complies with the regular expression.
[2026-01-03T11:14:53.130] [DEBUG] debug-file - current product is not Atomic service.
[2026-01-03T11:14:53.130] [DEBUG] debug-file - Use tool [darwin: JAVA_HOME, CLASSPATH]
 [
  {
    JAVA_HOME: '/Applications/DevEco-Studio.app/Contents/jbr/Contents/Home'
  },
  { CLASSPATH: undefined }
]
[2026-01-03T11:14:53.130] [DEBUG] debug-file - Use tool [darwin: NODE_HOME]
 [
  {
    NODE_HOME: '/Applications/DevEco-Studio.app/Contents/tools/node/bin'
  }
]
[2026-01-03T11:14:53.139] [DEBUG] debug-file - tuanjieLib : default@PreBuild cost memory -3.615142822265625
[2026-01-03T11:14:53.139] [DEBUG] debug-file - runTaskFromQueue task cost before running: 82 ms 
[2026-01-03T11:14:53.140] [INFO] debug-file - Finished :tuanjieLib:default@PreBuild... after 12 ms 
[2026-01-03T11:14:53.140] [DEBUG] debug-file - Executing task :entry:default@CreateModuleInfo
[2026-01-03T11:14:53.140] [DEBUG] debug-file - Task 'entry:default@CreateModuleInfo' cost while wrapping incremental declarations: 1 ms 
[2026-01-03T11:14:53.140] [DEBUG] debug-file - entry : default@CreateModuleInfo cost memory 0.04064178466796875
[2026-01-03T11:14:53.140] [DEBUG] debug-file - runTaskFromQueue task cost before running: 82 ms 
[2026-01-03T11:14:53.140] [INFO] debug-file - Finished :entry:default@CreateModuleInfo... after 1 ms 
[2026-01-03T11:14:53.141] [DEBUG] debug-file - Executing task :entry:default@GenerateMetadata
[2026-01-03T11:14:53.141] [DEBUG] debug-file - Task 'entry:default@GenerateMetadata' cost while wrapping incremental declarations: 1 ms 
[2026-01-03T11:14:53.141] [DEBUG] debug-file - entry:default@GenerateMetadata is not up-to-date, since the task snapshots are different.
[2026-01-03T11:14:53.141] [DEBUG] debug-file - Incremental task entry:default@GenerateMetadata pre-execution cost: 1 ms .
[2026-01-03T11:14:53.141] [DEBUG] debug-file - entry : default@GenerateMetadata cost memory 0.109893798828125
[2026-01-03T11:14:53.141] [DEBUG] debug-file - runTaskFromQueue task cost before running: 84 ms 
[2026-01-03T11:14:53.141] [INFO] debug-file - Finished :entry:default@GenerateMetadata... after 1 ms 
[2026-01-03T11:14:53.142] [DEBUG] debug-file - Executing task :entry:default@PreCheckSyscap
[2026-01-03T11:14:53.142] [DEBUG] debug-file - entry : default@PreCheckSyscap cost memory 0.01648712158203125
[2026-01-03T11:14:53.142] [DEBUG] debug-file - runTaskFromQueue task cost before running: 84 ms 
[2026-01-03T11:14:53.142] [INFO] debug-file - Finished :entry:default@PreCheckSyscap... after 1 ms 
[2026-01-03T11:14:53.142] [DEBUG] debug-file - Executing task :entry:default@GeneratePkgContextInfo
[2026-01-03T11:14:53.143] [DEBUG] debug-file - Task 'entry:default@GeneratePkgContextInfo' cost while wrapping incremental declarations: 1 ms 
[2026-01-03T11:14:53.144] [DEBUG] debug-file - entry : default@GeneratePkgContextInfo cost memory 0.33992767333984375
[2026-01-03T11:14:53.144] [DEBUG] debug-file - runTaskFromQueue task cost before running: 86 ms 
[2026-01-03T11:14:53.144] [INFO] debug-file - Finished :entry:default@GeneratePkgContextInfo... after 2 ms 
[2026-01-03T11:14:53.144] [DEBUG] debug-file - Executing task :entry:default@ProcessIntegratedHsp
[2026-01-03T11:14:53.144] [DEBUG] debug-file - entry:default@ProcessIntegratedHsp is not up-to-date, since the output file '/Users/guosj-mac-mini/Documents/github_repos/dash-fire-and-ice/Demo_Run/build/cache/default/integrated_hsp/integratedHspCache.json' does not exist.
[2026-01-03T11:14:53.144] [DEBUG] debug-file - Incremental task entry:default@ProcessIntegratedHsp pre-execution cost: 1 ms .
[2026-01-03T11:14:53.144] [DEBUG] debug-file - entry : default@ProcessIntegratedHsp cost memory 0.069122314453125
[2026-01-03T11:14:53.144] [DEBUG] debug-file - runTaskFromQueue task cost before running: 86 ms 
[2026-01-03T11:14:53.144] [INFO] debug-file - Finished :entry:default@ProcessIntegratedHsp... after 1 ms 
[2026-01-03T11:14:53.144] [DEBUG] debug-file - Executing task :tuanjieLib:default@CreateHarBuildProfile
[2026-01-03T11:14:53.144] [DEBUG] debug-file - Task 'tuanjieLib:default@CreateHarBuildProfile' cost while wrapping incremental declarations: 1 ms 
[2026-01-03T11:14:53.144] [DEBUG] debug-file - tuanjieLib:default@CreateHarBuildProfile is not up-to-date, since the input file '/Users/guosj-mac-mini/Documents/github_repos/dash-fire-and-ice/Demo_Run/build-profile.json5' has been changed.
[2026-01-03T11:14:53.145] [DEBUG] debug-file - Incremental task tuanjieLib:default@CreateHarBuildProfile pre-execution cost: 1 ms .
[2026-01-03T11:14:53.145] [DEBUG] debug-file - tuanjieLib : default@CreateHarBuildProfile cost memory 0.10288238525390625
[2026-01-03T11:14:53.145] [DEBUG] debug-file - runTaskFromQueue task cost before running: 87 ms 
[2026-01-03T11:14:53.145] [INFO] debug-file - Finished :tuanjieLib:default@CreateHarBuildProfile... after 1 ms 
[2026-01-03T11:14:53.145] [DEBUG] debug-file - Executing task :tuanjieLib:default@ConfigureCmake
[2026-01-03T11:14:53.145] [DEBUG] debug-file - tuanjieLib : default@ConfigureCmake cost memory 0.01728057861328125
[2026-01-03T11:14:53.145] [DEBUG] debug-file - runTaskFromQueue task cost before running: 87 ms 
[2026-01-03T11:14:53.145] [INFO] debug-file - Finished :tuanjieLib:default@ConfigureCmake... after 1 ms 
[2026-01-03T11:14:53.145] [DEBUG] debug-file - Executing task :tuanjieLib:default@MergeProfile
[2026-01-03T11:14:53.145] [DEBUG] debug-file - Task 'tuanjieLib:default@MergeProfile' cost while wrapping incremental declarations: 1 ms 
[2026-01-03T11:14:53.145] [DEBUG] debug-file - tuanjieLib:default@MergeProfile is not up-to-date, since the input file '/Users/guosj-mac-mini/Documents/github_repos/dash-fire-and-ice/Demo_Run/build-profile.json5' has been changed.
[2026-01-03T11:14:53.145] [DEBUG] debug-file - Incremental task tuanjieLib:default@MergeProfile pre-execution cost: 1 ms .
[2026-01-03T11:14:53.145] [DEBUG] debug-file - Change app api release type with 'Release'
[2026-01-03T11:14:53.146] [DEBUG] debug-file - Change app compile API version with '6.0.1.112'
[2026-01-03T11:14:53.146] [DEBUG] debug-file - Change app target API version with '60001021'
[2026-01-03T11:14:53.146] [DEBUG] debug-file - Change app minimum API version with '50002014'
[2026-01-03T11:14:53.146] [DEBUG] debug-file - Use cli appEnvironment
[2026-01-03T11:14:53.146] [DEBUG] debug-file - tuanjieLib : default@MergeProfile cost memory 0.2439727783203125
[2026-01-03T11:14:53.146] [DEBUG] debug-file - runTaskFromQueue task cost before running: 88 ms 
[2026-01-03T11:14:53.146] [INFO] debug-file - Finished :tuanjieLib:default@MergeProfile... after 1 ms 
[2026-01-03T11:14:53.146] [DEBUG] debug-file - Executing task :entry:default@SyscapTransform
[2026-01-03T11:14:53.146] [DEBUG] debug-file - File: '/Users/guosj-mac-mini/Documents/github_repos/dash-fire-and-ice/Demo_Run/entry/src/main/syscap.json' from 'sysCapJsonPath' is not exists, just ignore.
[2026-01-03T11:14:53.146] [DEBUG] debug-file - Task 'entry:default@SyscapTransform' cost while wrapping incremental declarations: 1 ms 
[2026-01-03T11:14:53.147] [DEBUG] debug-file - entry:default@SyscapTransform is not up-to-date, since the output file '/Users/guosj-mac-mini/Documents/github_repos/dash-fire-and-ice/Demo_Run/entry/build/default/intermediates/syscap/default/rpcid.sc' does not exist.
[2026-01-03T11:14:53.147] [DEBUG] debug-file - Incremental task entry:default@SyscapTransform pre-execution cost: 1 ms .
[2026-01-03T11:14:53.147] [DEBUG] debug-file - entry : default@SyscapTransform cost memory 0.12500762939453125
[2026-01-03T11:14:53.147] [DEBUG] debug-file - runTaskFromQueue task cost before running: 89 ms 
[2026-01-03T11:14:53.147] [INFO] debug-file - Finished :entry:default@SyscapTransform... after 1 ms 
[2026-01-03T11:14:53.147] [DEBUG] debug-file - Executing task :entry:default@ProcessRouterMap
[2026-01-03T11:14:53.147] [DEBUG] debug-file - Incremental task entry:default@ProcessRouterMap pre-execution cost: 1 ms .
[2026-01-03T11:14:53.147] [DEBUG] debug-file - entry : default@ProcessRouterMap cost memory 0.13175201416015625
[2026-01-03T11:14:53.147] [INFO] debug-file - UP-TO-DATE :entry:default@ProcessRouterMap...  
[2026-01-03T11:14:53.147] [DEBUG] debug-file - Executing task :entry:default@ProcessShareConfig
[2026-01-03T11:14:53.148] [DEBUG] debug-file - Incremental task entry:default@ProcessShareConfig pre-execution cost: 1 ms .
[2026-01-03T11:14:53.148] [DEBUG] debug-file - entry : default@ProcessShareConfig cost memory 0.1076507568359375
[2026-01-03T11:14:53.148] [INFO] debug-file - UP-TO-DATE :entry:default@ProcessShareConfig...  
[2026-01-03T11:14:53.148] [DEBUG] debug-file - Executing task :entry:default@ProcessStartupConfig
[2026-01-03T11:14:53.148] [DEBUG] debug-file - Task 'entry:default@ProcessStartupConfig' cost while wrapping incremental declarations: 1 ms 
[2026-01-03T11:14:53.148] [DEBUG] debug-file - entry:default@ProcessStartupConfig is not up-to-date, since the output file '/Users/guosj-mac-mini/Documents/github_repos/dash-fire-and-ice/Demo_Run/entry/build/default/intermediates/startup/default/startup_config.json' does not exist.
[2026-01-03T11:14:53.148] [DEBUG] debug-file - Incremental task entry:default@ProcessStartupConfig pre-execution cost: 1 ms .
[2026-01-03T11:14:53.148] [DEBUG] debug-file - entry : default@ProcessStartupConfig cost memory 0.11669158935546875
[2026-01-03T11:14:53.148] [DEBUG] debug-file - runTaskFromQueue task cost before running: 90 ms 
[2026-01-03T11:14:53.148] [INFO] debug-file - Finished :entry:default@ProcessStartupConfig... after 1 ms 
[2026-01-03T11:14:53.149] [DEBUG] debug-file - Executing task :entry:default@CreateBuildProfile
[2026-01-03T11:14:53.149] [DEBUG] debug-file - Task 'entry:default@CreateBuildProfile' cost while wrapping incremental declarations: 1 ms 
[2026-01-03T11:14:53.149] [DEBUG] debug-file - entry:default@CreateBuildProfile is not up-to-date, since the input file '/Users/guosj-mac-mini/Documents/github_repos/dash-fire-and-ice/Demo_Run/build-profile.json5' has been changed.
[2026-01-03T11:14:53.149] [DEBUG] debug-file - Incremental task entry:default@CreateBuildProfile pre-execution cost: 1 ms .
[2026-01-03T11:14:53.149] [DEBUG] debug-file - entry : default@CreateBuildProfile cost memory 0.099578857421875
[2026-01-03T11:14:53.149] [DEBUG] debug-file - runTaskFromQueue task cost before running: 91 ms 
[2026-01-03T11:14:53.149] [INFO] debug-file - Finished :entry:default@CreateBuildProfile... after 1 ms 
[2026-01-03T11:14:53.149] [DEBUG] debug-file - Executing task :tuanjieLib:default@BuildNativeWithCmake
[2026-01-03T11:14:53.149] [DEBUG] debug-file - tuanjieLib : default@BuildNativeWithCmake cost memory 0.01729583740234375
[2026-01-03T11:14:53.149] [DEBUG] debug-file - runTaskFromQueue task cost before running: 91 ms 
[2026-01-03T11:14:53.149] [INFO] debug-file - Finished :tuanjieLib:default@BuildNativeWithCmake... after 1 ms 
[2026-01-03T11:14:53.149] [DEBUG] debug-file - Executing task :entry:default@MergeProfile
[2026-01-03T11:14:53.149] [DEBUG] debug-file - Task 'entry:default@MergeProfile' cost while wrapping incremental declarations: 1 ms 
[2026-01-03T11:14:53.149] [DEBUG] debug-file - entry:default@MergeProfile is not up-to-date, since the input file '/Users/guosj-mac-mini/Documents/github_repos/dash-fire-and-ice/Demo_Run/build-profile.json5' has been changed.
[2026-01-03T11:14:53.149] [DEBUG] debug-file - Incremental task entry:default@MergeProfile pre-execution cost: 1 ms .
[2026-01-03T11:14:53.149] [DEBUG] debug-file - Change app api release type with 'Release'
[2026-01-03T11:14:53.149] [DEBUG] debug-file - Change app compile API version with '6.0.1.112'
[2026-01-03T11:14:53.149] [DEBUG] debug-file - Change app target API version with '60001021'
[2026-01-03T11:14:53.149] [DEBUG] debug-file - Change app minimum API version with '50002014'
[2026-01-03T11:14:53.149] [DEBUG] debug-file - Use cli appEnvironment
[2026-01-03T11:14:53.150] [DEBUG] debug-file - entry : default@MergeProfile cost memory 0.311737060546875
[2026-01-03T11:14:53.150] [DEBUG] debug-file - runTaskFromQueue task cost before running: 92 ms 
[2026-01-03T11:14:53.150] [INFO] debug-file - Finished :entry:default@MergeProfile... after 1 ms 
[2026-01-03T11:14:53.150] [DEBUG] debug-file - Obtain build option for module 'tuanjieLib' target 'default'in this build.
[2026-01-03T11:14:53.150] [DEBUG] debug-file - Executing task :entry:default@GenerateLoaderJson
[2026-01-03T11:14:53.151] [DEBUG] debug-file - Task 'entry:default@GenerateLoaderJson' cost while wrapping incremental declarations: 1 ms 
[2026-01-03T11:14:53.151] [DEBUG] debug-file - Obtain build option for module 'tuanjieLib' target 'default'in this build.
[2026-01-03T11:14:53.151] [DEBUG] debug-file - Obtain build option for module 'tuanjieLib' target 'default'in this build.
[2026-01-03T11:14:53.152] [DEBUG] debug-file - Obtain build option for module 'tuanjieLib' target 'default'in this build.
[2026-01-03T11:14:53.152] [DEBUG] debug-file - Obtain build option for module 'tuanjieLib' target 'default'in this build.
[2026-01-03T11:14:53.152] [DEBUG] debug-file - Obtain build option for module 'tuanjieLib' target 'default'in this build.
[2026-01-03T11:14:53.152] [DEBUG] debug-file - Incremental task entry:default@GenerateLoaderJson pre-execution cost: 1 ms .
[2026-01-03T11:14:53.152] [DEBUG] debug-file - entry : default@GenerateLoaderJson cost memory 0.5125503540039062
[2026-01-03T11:14:53.152] [DEBUG] debug-file - Obtain build option for module 'tuanjieLib' target 'default'in this build.
[2026-01-03T11:14:53.152] [DEBUG] debug-file - Obtain build option for module 'tuanjieLib' target 'default'in this build.
[2026-01-03T11:14:53.152] [INFO] debug-file - UP-TO-DATE :entry:default@GenerateLoaderJson...  
[2026-01-03T11:14:53.152] [DEBUG] debug-file - Executing task :entry:default@ConfigureCmake
[2026-01-03T11:14:53.152] [DEBUG] debug-file - entry : default@ConfigureCmake cost memory 0.016265869140625
[2026-01-03T11:14:53.152] [DEBUG] debug-file - runTaskFromQueue task cost before running: 95 ms 
[2026-01-03T11:14:53.152] [INFO] debug-file - Finished :entry:default@ConfigureCmake... after 1 ms 
[2026-01-03T11:14:53.153] [DEBUG] debug-file - Executing task :tuanjieLib:default@BuildNativeWithNinja
[2026-01-03T11:14:53.153] [DEBUG] debug-file - tuanjieLib : default@BuildNativeWithNinja cost memory 0.0293121337890625
[2026-01-03T11:14:53.153] [DEBUG] debug-file - runTaskFromQueue task cost before running: 95 ms 
[2026-01-03T11:14:53.153] [INFO] debug-file - Finished :tuanjieLib:default@BuildNativeWithNinja... after 1 ms 
[2026-01-03T11:14:53.153] [DEBUG] debug-file - Executing task :entry:default@MakePackInfo
[2026-01-03T11:14:53.153] [DEBUG] debug-file - entry:default@MakePackInfo is not up-to-date, since the input file '/Users/guosj-mac-mini/Documents/github_repos/dash-fire-and-ice/Demo_Run/build-profile.json5' has been changed.
[2026-01-03T11:14:53.153] [DEBUG] debug-file - Incremental task entry:default@MakePackInfo pre-execution cost: 1 ms .
[2026-01-03T11:14:53.153] [DEBUG] debug-file - Module Pack Info:  {
  summary: {
    app: { bundleName: 'c***o', bundleType: 'app', version: [Object] },
    modules: [ [Object] ]
  },
  packages: [
    {
      deviceType: [Array],
      moduleType: 'entry',
      deliveryWithInstall: true,
      name: 'entry-default'
    }
  ]
}
[2026-01-03T11:14:53.153] [DEBUG] debug-file - entry : default@MakePackInfo cost memory 0.15380096435546875
[2026-01-03T11:14:53.153] [DEBUG] debug-file - runTaskFromQueue task cost before running: 96 ms 
[2026-01-03T11:14:53.154] [INFO] debug-file - Finished :entry:default@MakePackInfo... after 1 ms 
[2026-01-03T11:14:53.154] [DEBUG] debug-file - Executing task :entry:default@ProcessProfile
[2026-01-03T11:14:53.154] [DEBUG] debug-file - Task 'entry:default@ProcessProfile' cost while wrapping incremental declarations: 1 ms 
[2026-01-03T11:14:53.154] [DEBUG] debug-file - entry:default@ProcessProfile is not up-to-date, since the input file '/Users/guosj-mac-mini/Documents/github_repos/dash-fire-and-ice/Demo_Run/entry/build/default/intermediates/merge_profile/default/module.json' has been changed.
[2026-01-03T11:14:53.154] [DEBUG] debug-file - Incremental task entry:default@ProcessProfile pre-execution cost: 1 ms .
[2026-01-03T11:14:53.154] [DEBUG] debug-file - [
  '/Applications/DevEco-Studio.app/Contents/tools/node/bin/node',
  '/Applications/DevEco-Studio.app/Contents/sdk/default/openharmony/ets/build-tools/ets-loader/bin/ark/ts2abc.js',
  '--target-api-version',
  '14'
]
[2026-01-03T11:14:53.191] [DEBUG] debug-file - 12.0.6.0
[2026-01-03T11:14:53.191] [DEBUG] debug-file - No need to add fake ui ability because of not in preview process.
[2026-01-03T11:14:53.191] [DEBUG] debug-file - entry : default@ProcessProfile cost memory 0.36559295654296875
[2026-01-03T11:14:53.191] [DEBUG] debug-file - runTaskFromQueue task cost before running: 133 ms 
[2026-01-03T11:14:53.191] [INFO] debug-file - Finished :entry:default@ProcessProfile... after 38 ms 
[2026-01-03T11:14:53.192] [DEBUG] debug-file - Executing task :entry:default@BuildNativeWithCmake
[2026-01-03T11:14:53.192] [DEBUG] debug-file - entry : default@BuildNativeWithCmake cost memory 0.01732635498046875
[2026-01-03T11:14:53.192] [DEBUG] debug-file - runTaskFromQueue task cost before running: 134 ms 
[2026-01-03T11:14:53.192] [INFO] debug-file - Finished :entry:default@BuildNativeWithCmake... after 1 ms 
[2026-01-03T11:14:53.192] [DEBUG] debug-file - Executing task :tuanjieLib:default@ProcessLibs
[2026-01-03T11:14:53.192] [DEBUG] debug-file - tuanjieLib:default@ProcessLibs is not up-to-date, since the input file '/Users/guosj-mac-mini/Documents/github_repos/dash-fire-and-ice/Demo_Run/build-profile.json5' has been changed.
[2026-01-03T11:14:53.192] [DEBUG] debug-file - Incremental task tuanjieLib:default@ProcessLibs pre-execution cost: 1 ms .
[2026-01-03T11:14:53.193] [DEBUG] debug-file - Worker dispatch failed, running processLibs on main thread.
[2026-01-03T11:14:53.194] [DEBUG] debug-file - Link /Users/guosj-mac-mini/Documents/github_repos/dash-fire-and-ice/Demo_Run/tuanjieLib/libs/arm64-v8a/libtuanjie.so to /Users/guosj-mac-mini/Documents/github_repos/dash-fire-and-ice/Demo_Run/tuanjieLib/build/default/intermediates/libs/default/arm64-v8a/libtuanjie.so successfully.
[2026-01-03T11:14:53.194] [DEBUG] debug-file - Link /Users/guosj-mac-mini/Documents/github_repos/dash-fire-and-ice/Demo_Run/tuanjieLib/libs/arm64-v8a/libil2cpp.so to /Users/guosj-mac-mini/Documents/github_repos/dash-fire-and-ice/Demo_Run/tuanjieLib/build/default/intermediates/libs/default/arm64-v8a/libil2cpp.so successfully.
[2026-01-03T11:14:53.194] [DEBUG] debug-file - Link /Users/guosj-mac-mini/Documents/github_repos/dash-fire-and-ice/Demo_Run/tuanjieLib/libs/arm64-v8a/libc++_shared.so to /Users/guosj-mac-mini/Documents/github_repos/dash-fire-and-ice/Demo_Run/tuanjieLib/build/default/intermediates/libs/default/arm64-v8a/libc++_shared.so successfully.
[2026-01-03T11:14:53.194] [DEBUG] debug-file - tuanjieLib : default@ProcessLibs cost memory 0.5680465698242188
[2026-01-03T11:14:53.194] [DEBUG] debug-file - runTaskFromQueue task cost before running: 137 ms 
[2026-01-03T11:14:53.195] [INFO] debug-file - Finished :tuanjieLib:default@ProcessLibs... after 3 ms 
[2026-01-03T11:14:53.195] [DEBUG] debug-file - restool module names: entry,tuanjieLib; moduleName=entry, taskName=default@ProcessResource
[2026-01-03T11:14:53.196] [DEBUG] debug-file - Executing task :entry:default@ProcessResource
[2026-01-03T11:14:53.196] [DEBUG] debug-file - Task 'entry:default@ProcessResource' cost while wrapping incremental declarations: 1 ms 
[2026-01-03T11:14:53.196] [DEBUG] debug-file - Incremental task entry:default@ProcessResource pre-execution cost: 1 ms .
[2026-01-03T11:14:53.196] [DEBUG] debug-file - entry : default@ProcessResource cost memory 0.1468963623046875
[2026-01-03T11:14:53.196] [INFO] debug-file - UP-TO-DATE :entry:default@ProcessResource...  
[2026-01-03T11:14:53.197] [DEBUG] debug-file - Executing task :tuanjieLib:default@DoNativeStrip
[2026-01-03T11:14:53.197] [DEBUG] debug-file - Task 'tuanjieLib:default@DoNativeStrip' cost while wrapping incremental declarations: 1 ms 
[2026-01-03T11:14:53.197] [DEBUG] debug-file - Incremental task tuanjieLib:default@DoNativeStrip pre-execution cost: 1 ms .
[2026-01-03T11:14:53.197] [DEBUG] debug-file - tuanjieLib : default@DoNativeStrip cost memory 0.13904571533203125
[2026-01-03T11:14:53.197] [INFO] debug-file - UP-TO-DATE :tuanjieLib:default@DoNativeStrip...  
[2026-01-03T11:14:53.197] [DEBUG] debug-file - restool module names: entry,tuanjieLib; moduleName=entry, taskName=default@CompileResource
[2026-01-03T11:14:53.197] [DEBUG] debug-file - Executing task :entry:default@CompileResource
[2026-01-03T11:14:53.199] [DEBUG] debug-file - entry:default@CompileResource is not up-to-date, since the input file '/Users/guosj-mac-mini/Documents/github_repos/dash-fire-and-ice/Demo_Run/entry/build/default/intermediates/process_profile/default/module.json' has been changed.
[2026-01-03T11:14:53.199] [DEBUG] debug-file - Incremental task entry:default@CompileResource pre-execution cost: 1 ms .
[2026-01-03T11:14:53.200] [DEBUG] debug-file - Use tool [/Applications/DevEco-Studio.app/Contents/sdk/default/openharmony/toolchains/restool]
 [
  '/Applications/DevEco-Studio.app/Contents/sdk/default/openharmony/toolchains/restool',
  '-l',
  '/Users/guosj-mac-mini/Documents/github_repos/dash-fire-and-ice/Demo_Run/entry/build/default/intermediates/res/default/resConfig.json'
]
[2026-01-03T11:14:53.200] [DEBUG] debug-file - current process  memoryUsage: {
  rss: 531742720,
  heapTotal: 164790272,
  heapUsed: 124104856,
  external: 3396253,
  arrayBuffers: 354495
} os memoryUsage :23.7322998046875
[2026-01-03T11:14:53.212] [DEBUG] debug-file - Info: Pack: normal pack mode

[2026-01-03T11:14:53.247] [DEBUG] debug-file - Info: hardware concurrency count is : 10
Info: thread count is : 10

[2026-01-03T11:14:53.247] [DEBUG] debug-file - Info: thread pool is started

[2026-01-03T11:14:53.248] [DEBUG] debug-file - Info: GenericCompiler::CompileFiles

[2026-01-03T11:14:53.250] [DEBUG] debug-file - Info: GenericCompiler::CompileFiles

[2026-01-03T11:14:53.251] [DEBUG] debug-file - Info: GenericCompiler::CompileFiles

[2026-01-03T11:14:53.252] [DEBUG] debug-file - Info: GenericCompiler::CompileFiles

[2026-01-03T11:14:53.252] [DEBUG] debug-file - Warning: '/Users/guosj-mac-mini/Documents/github_repos/dash-fire-and-ice/Demo_Run/tuanjieLib/src/main/resources/base/media/app_splash.png' is defined repeatedly.
Warning: '/Users/guosj-mac-mini/Documents/github_repos/dash-fire-and-ice/Demo_Run/tuanjieLib/src/main/resources/base/media/ic_launcher_background.png' is defined repeatedly.
Warning: '/Users/guosj-mac-mini/Documents/github_repos/dash-fire-and-ice/Demo_Run/tuanjieLib/src/main/resources/base/media/ic_launcher_foreground.png' is defined repeatedly.
Warning: '/Users/guosj-mac-mini/Documents/github_repos/dash-fire-and-ice/Demo_Run/tuanjieLib/src/main/resources/base/media/icon.png' is defined repeatedly.

[2026-01-03T11:14:53.252] [DEBUG] debug-file - Warning: '/Users/guosj-mac-mini/Documents/github_repos/dash-fire-and-ice/Demo_Run/tuanjieLib/src/main/resources/base/media/layeredIcon.json' is defined repeatedly.

[2026-01-03T11:14:53.253] [DEBUG] debug-file - Info: GenericCompiler::CompileFiles

[2026-01-03T11:14:53.253] [DEBUG] debug-file - Warning: '/Users/guosj-mac-mini/Documents/github_repos/dash-fire-and-ice/Demo_Run/tuanjieLib/src/main/resources/base/profile/main_pages.json' is defined repeatedly.
Warning: 'ShowStaticSplashScreen' conflict, first declared.
at /Users/guosj-mac-mini/Documents/github_repos/dash-fire-and-ice/Demo_Run/entry/src/main/resources/base/element/integer.json
but declared again.
at /Users/guosj-mac-mini/Documents/github_repos/dash-fire-and-ice/Demo_Run/tuanjieLib/src/main/resources/base/element/integer.json
Warning: 'StaticSplashScreenFit' conflict, first declared.
at /Users/guosj-mac-mini/Documents/github_repos/dash-fire-and-ice/Demo_Run/entry/src/main/resources/base/element/integer.json
but declared again.
at /Users/guosj-mac-mini/Documents/github_repos/dash-fire-and-ice/Demo_Run/tuanjieLib/src/main/resources/base/element/integer.json
Warning: 'EntryAbility_desc' conflict, first declared.
at /Users/guosj-mac-mini/Documents/github_repos/dash-fire-and-ice/Demo_Run/entry/src/main/resources/base/element/string.json
but declared again.
at /Users/guosj-mac-mini/Documents/github_repos/dash-fire-and-ice/Demo_Run/tuanjieLib/src/main/resources/base/element/string.json
Warning: 'EntryAbility_desc' conflict, first declared.
at /Users/guosj-mac-mini/Documents/github_repos/dash-fire-and-ice/Demo_Run/entry/src/main/resources/en_US/element/string.json
but declared again.
at /Users/guosj-mac-mini/Documents/github_repos/dash-fire-and-ice/Demo_Run/tuanjieLib/src/main/resources/en_US/element/string.json
Warning: 'EntryAbility_desc' conflict, first declared.
at /Users/guosj-mac-mini/Documents/github_repos/dash-fire-and-ice/Demo_Run/entry/src/main/resources/zh_CN/element/string.json
but declared again.
at /Users/guosj-mac-mini/Documents/github_repos/dash-fire-and-ice/Demo_Run/tuanjieLib/src/main/resources/zh_CN/element/string.json
Warning: 'EntryAbility_label' conflict, first declared.
at /Users/guosj-mac-mini/Documents/github_repos/dash-fire-and-ice/Demo_Run/entry/src/main/resources/base/element/string.json
but declared again.
at /Users/guosj-mac-mini/Documents/github_repos/dash-fire-and-ice/Demo_Run/tuanjieLib/src/main/resources/base/element/string.json
Warning: 'EntryAbility_label' conflict, first declared.
at /Users/guosj-mac-mini/Documents/github_repos/dash-fire-and-ice/Demo_Run/entry/src/main/resources/en_US/element/string.json
but declared again.
at /Users/guosj-mac-mini/Documents/github_repos/dash-fire-and-ice/Demo_Run/tuanjieLib/src/main/resources/en_US/element/string.json
Warning: 'EntryAbility_label' conflict, first declared.
at /Users/guosj-mac-mini/Documents/github_repos/dash-fire-and-ice/Demo_Run/entry/src/main/resources/zh_CN/element/string.json
but declared again.
at /Users/guosj-mac-mini/Documents/github_repos/dash-fire-and-ice/Demo_Run/tuanjieLib/src/main/resources/zh_CN/element/string.json
Warning: 'default_reason' conflict, first declared.
at /Users/guosj-mac-mini/Documents/github_repos/dash-fire-and-ice/Demo_Run/entry/src/main/resources/base/element/string.json
but declared again.
at /Users/guosj-mac-mini/Documents/github_repos/dash-fire-and-ice/Demo_Run/tuanjieLib/src/main/resources/base/element/string.json
Warning: 'default_reason' conflict, first declared.
at /Users/guosj-mac-mini/Documents/github_repos/dash-fire-and-ice/Demo_Run/entry/src/main/resources/en_US/element/string.json
but declared again.
at /Users/guosj-mac-mini/Documents/github_repos/dash-fire-and-ice/Demo_Run/tuanjieLib/src/main/resources/en_US/element/string.json
Warning: 'default_reason' conflict, first declared.
at /Users/guosj-mac-mini/Documents/github_repos/dash-fire-and-ice/Demo_Run/entry/src/main/resources/zh_CN/element/string.json
but declared again.
at /Users/guosj-mac-mini/Documents/github_repos/dash-fire-and-ice/Demo_Run/tuanjieLib/src/main/resources/zh_CN/element/string.json
Warning: 'module_desc' conflict, first declared.
at /Users/guosj-mac-mini/Documents/github_repos/dash-fire-and-ice/Demo_Run/entry/src/main/resources/base/element/string.json
but declared again.
at /Users/guosj-mac-mini/Documents/github_repos/dash-fire-and-ice/Demo_Run/tuanjieLib/src/main/resources/base/element/string.json
Warning: 'module_desc' conflict, first declared.
at /Users/guosj-mac-mini/Documents/github_repos/dash-fire-and-ice/Demo_Run/entry/src/main/resources/en_US/element/string.json
but declared again.
at /Users/guosj-mac-mini/Documents/github_repos/dash-fire-and-ice/Demo_Run/tuanjieLib/src/main/resources/en_US/element/string.json
Warning: 'module_desc' conflict, first declared.
at /Users/guosj-mac-mini/Documents/github_repos/dash-fire-and-ice/Demo_Run/entry/src/main/resources/zh_CN/element/string.json
but declared again.
at /Users/guosj-mac-mini/Documents/github_repos/dash-fire-and-ice/Demo_Run/tuanjieLib/src/main/resources/zh_CN/element/string.json
Warning: 'permission_microphone_reason_desc' conflict, first declared.
at /Users/guosj-mac-mini/Documents/github_repos/dash-fire-and-ice/Demo_Run/entry/src/main/resources/base/element/string.json
but declared again.
at /Users/guosj-mac-mini/Documents/github_repos/dash-fire-and-ice/Demo_Run/tuanjieLib/src/main/resources/base/element/string.json
Warning: 'permission_microphone_reason_desc' conflict, first declared.
at /Users/guosj-mac-mini/Documents/github_repos/dash-fire-and-ice/Demo_Run/entry/src/main/resources/en_US/element/string.json
but declared again.
at /Users/guosj-mac-mini/Documents/github_repos/dash-fire-and-ice/Demo_Run/tuanjieLib/src/main/resources/en_US/element/string.json
Warning: 'permission_microphone_reason_desc' conflict, first declared.
at /Users/guosj-mac-mini/Documents/github_repos/dash-fire-and-ice/Demo_Run/entry/src/main/resources/zh_CN/element/string.json
but declared again.
at /Users/guosj-mac-mini/Documents/github_repos/dash-fire-and-ice/Demo_Run/tuanjieLib/src/main/resources/zh_CN/element/string.json
Warning: 'start_window_background' conflict, first declared.
at /Users/guosj-mac-mini/Documents/github_repos/dash-fire-and-ice/Demo_Run/entry/src/main/resources/base/element/color.json
but declared again.
at /Users/guosj-mac-mini/Documents/github_repos/dash-fire-and-ice/Demo_Run/tuanjieLib/src/main/resources/base/element/color.json

[2026-01-03T11:14:53.255] [DEBUG] debug-file - 01-03 11:14:53.254 21103 445001875 E C01400/ImageTranscoderUtils: DecodeToRGBA IN
01-03 11:14:53.255 21103 445001875 E C01400/ImageTranscoderUtils: ImageFilter IN /Users/guosj-mac-mini/Documents/github_repos/dash-fire-and-ice/Demo_Run/AppScope/resources/base/media/app_icon.png

[2026-01-03T11:14:53.260] [DEBUG] debug-file - 01-03 11:14:53.260 21103 445001875 E C01400/ImageTranscoder: TranscodeSLR Only zoom-out is supported.

[2026-01-03T11:14:53.260] [DEBUG] debug-file - Warning: ScaleImage failed, error message: INVALID_PARAMETERS, file path = /Users/guosj-mac-mini/Documents/github_repos/dash-fire-and-ice/Demo_Run/AppScope/resources/base/media/app_icon.png

[2026-01-03T11:14:53.260] [DEBUG] debug-file - 01-03 11:14:53.260 21103 445001875 E C01400/ImageTranscoderUtils: DecodeToRGBA IN

[2026-01-03T11:14:53.260] [DEBUG] debug-file - 01-03 11:14:53.260 21103 445001875 E C01400/ImageTranscoderUtils: ImageFilter IN /Users/guosj-mac-mini/Documents/github_repos/dash-fire-and-ice/Demo_Run/entry/src/main/resources/base/media/icon.png

[2026-01-03T11:14:53.260] [DEBUG] debug-file - 01-03 11:14:53.260 21103 445001875 E C01400/ImageTranscoder: TranscodeSLR Only zoom-out is supported.

[2026-01-03T11:14:53.260] [DEBUG] debug-file - Warning: ScaleImage failed, error message: INVALID_PARAMETERS, file path = /Users/guosj-mac-mini/Documents/github_repos/dash-fire-and-ice/Demo_Run/entry/src/main/resources/base/media/icon.png

[2026-01-03T11:14:53.260] [DEBUG] debug-file - Warning: The width or height of the png file referenced by the icon exceeds the limit (41 pixels)
at /Users/guosj-mac-mini/Documents/github_repos/dash-fire-and-ice/Demo_Run/AppScope/resources/base/media/app_icon.png

[2026-01-03T11:14:53.261] [DEBUG] debug-file - Warning: The width or height of the png file referenced by the icon exceeds the limit (41 pixels)
at /Users/guosj-mac-mini/Documents/github_repos/dash-fire-and-ice/Demo_Run/entry/src/main/resources/base/media/icon.png

[2026-01-03T11:14:53.261] [DEBUG] debug-file - Warning: The width or height of the png file referenced by the startWindowIcon exceeds the limit (144 pixels)
at /Users/guosj-mac-mini/Documents/github_repos/dash-fire-and-ice/Demo_Run/AppScope/resources/base/media/start_icon.png

[2026-01-03T11:14:53.276] [DEBUG] debug-file - Info: restool resources compile success.

[2026-01-03T11:14:53.276] [DEBUG] debug-file - Info: thread pool is stopped

[2026-01-03T11:14:53.278] [DEBUG] debug-file - entry : default@CompileResource cost memory -11.706802368164062
[2026-01-03T11:14:53.278] [DEBUG] debug-file - runTaskFromQueue task cost before running: 220 ms 
[2026-01-03T11:14:53.278] [INFO] debug-file - Finished :entry:default@CompileResource... after 81 ms 
[2026-01-03T11:14:53.279] [DEBUG] debug-file - Executing task :entry:default@BuildNativeWithNinja
[2026-01-03T11:14:53.279] [DEBUG] debug-file - entry : default@BuildNativeWithNinja cost memory 0.02350616455078125
[2026-01-03T11:14:53.279] [DEBUG] debug-file - runTaskFromQueue task cost before running: 221 ms 
[2026-01-03T11:14:53.279] [INFO] debug-file - Finished :entry:default@BuildNativeWithNinja... after 1 ms 
[2026-01-03T11:14:53.279] [DEBUG] debug-file - Executing task :entry:default@CompileArkTS
[2026-01-03T11:14:53.279] [DEBUG] debug-file - obfuscationOptions: undefined
[2026-01-03T11:14:53.280] [DEBUG] debug-file - Task 'entry:default@CompileArkTS' cost while wrapping incremental declarations: 1 ms 
[2026-01-03T11:14:53.281] [DEBUG] debug-file - entry:default@CompileArkTS is not up-to-date, since the input file '/Users/guosj-mac-mini/Documents/github_repos/dash-fire-and-ice/Demo_Run/entry/build/default/intermediates/res/default/resources/rawfile' has been changed.
[2026-01-03T11:14:53.281] [DEBUG] debug-file - Incremental task entry:default@CompileArkTS pre-execution cost: 2 ms .
[2026-01-03T11:14:53.283] [DEBUG] debug-file - build config:
[2026-01-03T11:14:53.283] [DEBUG] debug-file - {
  moduleType: 'entry',
  perf: 0,
  targetName: '.default',
  packageManagerType: 'ohpm',
  localPropertiesPath: '/Users/guosj-mac-mini/Documents/github_repos/dash-fire-and-ice/Demo_Run/local.properties',
  isPreview: false,
  isOhosTest: false,
  isLocalTest: false,
  buildMode: 'Debug',
  hotReloadBuild: undefined,
  watchMode: 'false',
  aceProfilePath: '/Users/guosj-mac-mini/Documents/github_repos/dash-fire-and-ice/Demo_Run/entry/build/default/intermediates/res/default/resources/base/profile',
  etsLoaderPath: '/Applications/DevEco-Studio.app/Contents/sdk/default/openharmony/ets/build-tools/ets-loader',
  modulePath: '/Users/guosj-mac-mini/Documents/github_repos/dash-fire-and-ice/Demo_Run/entry',
  testFrameworkPar: {
    testMode: undefined,
    coveragePathFilter: undefined,
    coverageMode: undefined
  },
  needCoverageInsert: false,
  debugLine: false,
  projectTopDir: '/Users/guosj-mac-mini/Documents/github_repos/dash-fire-and-ice/Demo_Run',
  compileSdkVersion: 21,
  compatibleSdkVersion: 14,
  originCompatibleSdkVersion: '5.0.2(14)',
  compatibleSdkVersionStage: undefined,
  bundleName: 'c***o',
  etsLoaderVersion: '6.0.1.112',
  etsLoaderReleaseType: 'Release',
  aotCompileMode: 'type',
  apPath: '/Users/guosj-mac-mini/Documents/github_repos/dash-fire-and-ice/Demo_Run/entry/modules.ap',
  entryModuleName: 'entry',
  entryModuleVersion: '1.0.0',
  entryPackageName: 'entry',
  allModuleNameHash: '6f140e082ab526168e8b89ff0592881a63d974d23b6898c304a1c477a8a08596',
  externalApiPaths: [ '/Applications/DevEco-Studio.app/Contents/sdk/default/hms/ets' ],
  compilerTypes: [],
  isCrossplatform: false,
  hvigorPluginFile: undefined,
  compilePluginPath: undefined,
  buildGeneratedProfilePath: '/Users/guosj-mac-mini/Documents/github_repos/dash-fire-and-ice/Demo_Run/entry/build/default/generated/profile/default',
  bundleType: 'app',
  arkTSVersion: undefined,
  apiVersion: 21,
  needCompleteSourcesMap: false,
  isFaMode: false,
  buildDir: '/Users/guosj-mac-mini/Documents/github_repos/dash-fire-and-ice/Demo_Run/entry/build',
  deviceTypes: [ 'phone', 'tablet', '2in1' ],
  pkgContextInfo: undefined,
  ohPackagePathMap: {},
  dependencyAliasMap: {},
  permission: { requestPermissions: [ [Object] ], definePermissions: undefined },
  integratedHsp: false,
  projectArkOption: undefined,
  sourceMapDir: undefined,
  branchElimination: false,
  transformLib: undefined,
  tsImportSendable: false,
  resolveConflictMode: true,
  depName2RootPath: {},
  depName2DepInfo: {},
  rootPathSet: [
    '/Users/guosj-mac-mini/Documents/github_repos/dash-fire-and-ice/Demo_Run'
  ],
  useNativeResolver: true,
  shouldEmitJs: true,
  useTscResolve: false,
  singleFileEmit: false,
  userProjectConfig: {
    autoLazyImport: false,
    allowEmptyBundleName: false,
    reExportCheckMode: 'noCheck',
    executionMode: 'memory',
    usePathPlaceholder: false,
    writeRollupCache: true,
    isExpandImportEnabled: false,
    expandImportExclude: '',
    lazyImportExclude: '',
    lazyImportInclude: '',
    ignoreCrossplatformCheck: false,
    isHarDeduplicateEnabled: false,
    enableStrictCheckOHModule: false,
    useDeclarationFileSignature: false,
    isPreloadSoEnabled: false
  },
  skipOhModulesLint: false,
  executionMode: 'memory',
  arkCompileCachePath: '/Users/guosj-mac-mini/Documents/github_repos/dash-fire-and-ice/Demo_Run/entry/build/default/cache/default/default@CompileArkTS/esmodule',
  autoLazyFilter: undefined,
  isHarDeduplicateEnabled: false,
  intermediateHarDuplicateDirPath: '/Users/guosj-mac-mini/Documents/github_repos/dash-fire-and-ice/Demo_Run/entry/build/default/intermediates/har_duplicate/default',
  autoLazyImport: false,
  allowEmptyBundleName: false,
  reExportCheckMode: 'noCheck',
  usePathPlaceholder: false,
  writeRollupCache: true,
  isExpandImportEnabled: false,
  expandImportExclude: '',
  lazyImportExclude: '',
  lazyImportInclude: '',
  ignoreCrossplatformCheck: false,
  enableStrictCheckOHModule: false,
  useDeclarationFileSignature: false,
  isPreloadSoEnabled: false,
  strictMode: undefined,
  useNormalizedOHMUrl: false,
  caseSensitiveCheck: false,
  aceModuleJsonPath: '/Users/guosj-mac-mini/Documents/github_repos/dash-fire-and-ice/Demo_Run/entry/build/default/intermediates/res/default/ark_module.json',
  appResource: '/Users/guosj-mac-mini/Documents/github_repos/dash-fire-and-ice/Demo_Run/entry/build/default/intermediates/res/default/ResourceTable.txt',
  rawFileResource: '/Users/guosj-mac-mini/Documents/github_repos/dash-fire-and-ice/Demo_Run/entry/build/default/intermediates/res/default/resources/rawfile',
  resourceTableHash: 'a69b4e1c07cb8b6b6342eb269f1ad13a5ebc8093c501847769a50b7e90c12a56',
  runtimeOS: 'HarmonyOS',
  sdkInfo: 'false:21:6.0.1.112:Release',
  aceModuleRoot: '/Users/guosj-mac-mini/Documents/github_repos/dash-fire-and-ice/Demo_Run/entry/src/main/ets',
  compileMode: 'esmodule',
  aceSuperVisualPath: '/Users/guosj-mac-mini/Documents/github_repos/dash-fire-and-ice/Demo_Run/entry/src/main/supervisual',
  aceBuildJson: '/Users/guosj-mac-mini/Documents/github_repos/dash-fire-and-ice/Demo_Run/entry/build/default/intermediates/loader/default/loader.json',
  cachePath: '/Users/guosj-mac-mini/Documents/github_repos/dash-fire-and-ice/Demo_Run/entry/build/default/cache/default/default@CompileArkTS/esmodule/debug',
  aceModuleBuild: '/Users/guosj-mac-mini/Documents/github_repos/dash-fire-and-ice/Demo_Run/entry/build/default/intermediates/loader_out/default/ets',
  supportChunks: true,
  declaredFilesPath: undefined,
  shouldCollectDirectImportees: false,
  isByteCodeHarOptimize: false,
  expandImportPath: undefined,
  pkgNameToPkgBriefInfo: {
    tuanjieLib: {
      pkgRoot: '/Users/guosj-mac-mini/Documents/github_repos/dash-fire-and-ice/Demo_Run/tuanjieLib',
      pkgName: 'tuanjieLib',
      sourceRoots: [Array],
      originalSourceRoots: undefined
    },
    entry: {
      pkgRoot: '/Users/guosj-mac-mini/Documents/github_repos/dash-fire-and-ice/Demo_Run/entry',
      originalSourceRoots: undefined,
      sourceRoots: [Array],
      pkgName: 'entry'
    }
  },
  projectModel: {
    '/Users/guosj-mac-mini/Documents/github_repos/dash-fire-and-ice/Demo_Run/entry/src/main': {
      moduleName: 'entry',
      modulePkgPath: '/Users/guosj-mac-mini/Documents/github_repos/dash-fire-and-ice/Demo_Run/entry',
      belongProjectPath: '/Users/guosj-mac-mini/Documents/github_repos/dash-fire-and-ice/Demo_Run'
    },
    '/Users/guosj-mac-mini/Documents/github_repos/dash-fire-and-ice/Demo_Run/entry': {
      moduleName: 'entry',
      modulePkgPath: '/Users/guosj-mac-mini/Documents/github_repos/dash-fire-and-ice/Demo_Run/entry',
      belongProjectPath: '/Users/guosj-mac-mini/Documents/github_repos/dash-fire-and-ice/Demo_Run'
    },
    '/Users/guosj-mac-mini/Documents/github_repos/dash-fire-and-ice/Demo_Run/tuanjieLib/src/main': {
      moduleName: 'tuanjieLib',
      modulePkgPath: '/Users/guosj-mac-mini/Documents/github_repos/dash-fire-and-ice/Demo_Run/tuanjieLib',
      belongProjectPath: '/Users/guosj-mac-mini/Documents/github_repos/dash-fire-and-ice/Demo_Run'
    },
    '/Users/guosj-mac-mini/Documents/github_repos/dash-fire-and-ice/Demo_Run/tuanjieLib': {
      moduleName: 'tuanjieLib',
      modulePkgPath: '/Users/guosj-mac-mini/Documents/github_repos/dash-fire-and-ice/Demo_Run/tuanjieLib',
      belongProjectPath: '/Users/guosj-mac-mini/Documents/github_repos/dash-fire-and-ice/Demo_Run'
    },
    '/Users/guosj-mac-mini/Documents/github_repos/dash-fire-and-ice/Demo_Run': {
      moduleName: 'Demo_Run',
      modulePkgPath: '/Users/guosj-mac-mini/Documents/github_repos/dash-fire-and-ice/Demo_Run',
      belongProjectPath: '/Users/guosj-mac-mini/Documents/github_repos/dash-fire-and-ice/Demo_Run'
    }
  },
  pkgJsonFileHash: '0203e609d16ddb8acc2fca264b5d1e881da7d7f49e281d66605193b860c293d5',
  allModulePaths: [
    '/Users/guosj-mac-mini/Documents/github_repos/dash-fire-and-ice/Demo_Run/entry',
    '/Users/guosj-mac-mini/Documents/github_repos/dash-fire-and-ice/Demo_Run/tuanjieLib'
  ],
  routerMap: {},
  obfuscationOptions: undefined,
  byteCodeHarToDependencyKeys: undefined,
  compileBlockPkg: [],
  mockParams: {
    decorator: '@MockSetup',
    packageName: '@ohos/hamock',
    etsSourceRootPath: 'src/main/ets',
    mockConfigPath: undefined,
    mockConfigKey2ModuleInfo: {},
    source2ModuleIdMap: {}
  },
  copyCodeResourceEnable: true,
  copyCodeResourceExcludes: [],
  copyCodeResourceIncludes: undefined,
  uiTransformOptimization: false,
  sdkPath: '/Applications/DevEco-Studio.app/Contents/sdk',
  needPreloadSoFileSet: {},
  preloadSoFilePath: '/Users/guosj-mac-mini/Documents/github_repos/dash-fire-and-ice/Demo_Run/entry/build/default/intermediates/preload/default/preload.json',
  useSourceHash: false,
  localModuleParamMap: {},
  otherPaths: {
    'tuanjieLib/*': [
      '../../../../tuanjieLib/src/main/*',
      '../../../../tuanjieLib/build/default/generated/profile/default/*'
    ],
    'entry/*': [ '../*', '../../../build/default/generated/profile/default/*' ]
  },
  collectImportersConfig: undefined
}
[2026-01-03T11:14:53.283] [DEBUG] debug-file - Compile arkts with external api path: /Applications/DevEco-Studio.app/Contents/sdk/default/hms/ets
[2026-01-03T11:14:53.284] [DEBUG] debug-file - default@CompileArkTS work[5] is submitted.
[2026-01-03T11:14:53.284] [DEBUG] debug-file - default@CompileArkTS work[5] is pushed to ready queue.
[2026-01-03T11:14:53.284] [DEBUG] debug-file - A work dispatched to worker[9] failed because unable to get work from ready queue.
[2026-01-03T11:14:53.284] [DEBUG] debug-file - A work dispatched to worker[8] failed because unable to get work from ready queue.
[2026-01-03T11:14:53.284] [DEBUG] debug-file - A work dispatched to worker[7] failed because unable to get work from ready queue.
[2026-01-03T11:14:53.284] [DEBUG] debug-file - A work dispatched to worker[6] failed because unable to get work from ready queue.
[2026-01-03T11:14:53.284] [DEBUG] debug-file - A work dispatched to worker[5] failed because unable to get work from ready queue.
[2026-01-03T11:14:53.284] [DEBUG] debug-file - default@CompileArkTS work[5] has been dispatched to worker[4].
[2026-01-03T11:14:53.284] [DEBUG] debug-file - default@CompileArkTS work[5] is dispatched.
[2026-01-03T11:14:53.284] [DEBUG] debug-file - CopyResources startTime: 7519236277449083
[2026-01-03T11:14:53.284] [DEBUG] debug-file - default@CompileArkTS work[6] is submitted.
[2026-01-03T11:14:53.284] [DEBUG] debug-file - default@CompileArkTS work[6] is pushed to ready queue.
[2026-01-03T11:14:53.284] [DEBUG] debug-file - A work dispatched to worker[9] failed because unable to get work from ready queue.
[2026-01-03T11:14:53.284] [DEBUG] debug-file - Create  resident worker with id: 8.
[2026-01-03T11:14:53.285] [DEBUG] debug-file - default@CompileArkTS work[6] has been dispatched to worker[8].
[2026-01-03T11:14:53.285] [DEBUG] debug-file - default@CompileArkTS work[6] is dispatched.
[2026-01-03T11:14:53.285] [DEBUG] debug-file - entry : default@CompileArkTS cost memory 1.8026123046875
[2026-01-03T11:14:53.285] [DEBUG] debug-file - Executing task :entry:default@BuildJS
[2026-01-03T11:14:53.285] [DEBUG] debug-file - Task 'entry:default@BuildJS' cost while wrapping incremental declarations: 1 ms 
[2026-01-03T11:14:53.285] [DEBUG] debug-file - entry : default@BuildJS cost memory 0.125885009765625
[2026-01-03T11:14:53.285] [DEBUG] debug-file - runTaskFromQueue task cost before running: 227 ms 
[2026-01-03T11:14:53.285] [INFO] debug-file - Finished :entry:default@BuildJS... after 1 ms 
[2026-01-03T11:14:53.285] [DEBUG] debug-file - Executing task :entry:default@ProcessLibs
[2026-01-03T11:14:53.286] [DEBUG] debug-file - entry:default@ProcessLibs is not up-to-date, since the input file '/Users/guosj-mac-mini/Documents/github_repos/dash-fire-and-ice/Demo_Run/build-profile.json5' has been changed.
[2026-01-03T11:14:53.286] [DEBUG] debug-file - Incremental task entry:default@ProcessLibs pre-execution cost: 1 ms .
[2026-01-03T11:14:53.287] [DEBUG] debug-file - Worker dispatch failed, running processLibs on main thread.
[2026-01-03T11:14:53.352] [DEBUG] debug-file - Same checksum for /Users/guosj-mac-mini/Documents/github_repos/dash-fire-and-ice/Demo_Run/tuanjieLib/build/default/intermediates/libs/default/arm64-v8a/libil2cpp.so | /Users/guosj-mac-mini/Documents/github_repos/dash-fire-and-ice/Demo_Run/tuanjieLib/libs/arm64-v8a/libil2cpp.so.
[2026-01-03T11:14:53.496] [DEBUG] debug-file - Same checksum for /Users/guosj-mac-mini/Documents/github_repos/dash-fire-and-ice/Demo_Run/tuanjieLib/build/default/intermediates/libs/default/arm64-v8a/libtuanjie.so | /Users/guosj-mac-mini/Documents/github_repos/dash-fire-and-ice/Demo_Run/tuanjieLib/libs/arm64-v8a/libtuanjie.so.
[2026-01-03T11:14:53.497] [DEBUG] debug-file - Link /Users/guosj-mac-mini/Documents/github_repos/dash-fire-and-ice/Demo_Run/tuanjieLib/build/default/intermediates/libs/default/arm64-v8a/libc++_shared.so to /Users/guosj-mac-mini/Documents/github_repos/dash-fire-and-ice/Demo_Run/entry/build/default/intermediates/libs/default/arm64-v8a/libc++_shared.so successfully.
[2026-01-03T11:14:53.498] [DEBUG] debug-file - Link /Users/guosj-mac-mini/Documents/github_repos/dash-fire-and-ice/Demo_Run/tuanjieLib/build/default/intermediates/libs/default/arm64-v8a/libil2cpp.so to /Users/guosj-mac-mini/Documents/github_repos/dash-fire-and-ice/Demo_Run/entry/build/default/intermediates/libs/default/arm64-v8a/libil2cpp.so successfully.
[2026-01-03T11:14:53.499] [DEBUG] debug-file - Link /Users/guosj-mac-mini/Documents/github_repos/dash-fire-and-ice/Demo_Run/tuanjieLib/build/default/intermediates/libs/default/arm64-v8a/libtuanjie.so to /Users/guosj-mac-mini/Documents/github_repos/dash-fire-and-ice/Demo_Run/entry/build/default/intermediates/libs/default/arm64-v8a/libtuanjie.so successfully.
[2026-01-03T11:14:53.499] [DEBUG] debug-file - entry : default@ProcessLibs cost memory -12.086166381835938
[2026-01-03T11:14:53.499] [DEBUG] debug-file - runTaskFromQueue task cost before running: 441 ms 
[2026-01-03T11:14:53.499] [INFO] debug-file - Finished :entry:default@ProcessLibs... after 214 ms 
[2026-01-03T11:14:53.500] [DEBUG] debug-file - Executing task :entry:default@DoNativeStrip
[2026-01-03T11:14:53.500] [DEBUG] debug-file - Task 'entry:default@DoNativeStrip' cost while wrapping incremental declarations: 1 ms 
[2026-01-03T11:14:53.501] [DEBUG] debug-file - Incremental task entry:default@DoNativeStrip pre-execution cost: 1 ms .
[2026-01-03T11:14:53.501] [DEBUG] debug-file - entry : default@DoNativeStrip cost memory 0.117889404296875
[2026-01-03T11:14:53.501] [INFO] debug-file - UP-TO-DATE :entry:default@DoNativeStrip...  
[2026-01-03T11:14:53.501] [DEBUG] debug-file - Executing task :entry:default@CacheNativeLibs
[2026-01-03T11:14:53.501] [DEBUG] debug-file - Task 'entry:default@CacheNativeLibs' cost while wrapping incremental declarations: 1 ms 
[2026-01-03T11:14:53.501] [DEBUG] debug-file - Incremental task entry:default@CacheNativeLibs pre-execution cost: 1 ms .
[2026-01-03T11:14:53.501] [DEBUG] debug-file - entry : default@CacheNativeLibs cost memory 0.1273193359375
[2026-01-03T11:14:53.502] [INFO] debug-file - UP-TO-DATE :entry:default@CacheNativeLibs...  
[2026-01-03T11:14:53.533] [WARN] debug-file - [33mWARN: [33m[33mArkTS:WARN File: /Users/guosj-mac-mini/Documents/github_repos/dash-fire-and-ice/Demo_Run/tuanjieLib/src/main/ets/workers/MessageProcessor.ets:13:5
 Usage of 'ESObject' type is restricted (arkts-limited-esobj)
[39m[39m
[33mWARN: [33m[33mArkTS:WARN File: /Users/guosj-mac-mini/Documents/github_repos/dash-fire-and-ice/Demo_Run/tuanjieLib/src/main/ets/workers/MessageProcessor.ets:26:5
 Usage of 'ESObject' type is restricted (arkts-limited-esobj)
[39m[39m
[33mWARN: [33m[33mArkTS:WARN File: /Users/guosj-mac-mini/Documents/github_repos/dash-fire-and-ice/Demo_Run/tuanjieLib/src/main/ets/workers/MessageProcessor.ets:43:13
 Usage of 'ESObject' type is restricted (arkts-limited-esobj)
[39m[39m
[33mWARN: [33m[33mArkTS:WARN File: /Users/guosj-mac-mini/Documents/github_repos/dash-fire-and-ice/Demo_Run/tuanjieLib/src/main/ets/workers/MessageProcessor.ets:45:13
 Usage of 'ESObject' type is restricted (arkts-limited-esobj)
[39m[39m
[33mWARN: [33m[33mArkTS:WARN File: /Users/guosj-mac-mini/Documents/github_repos/dash-fire-and-ice/Demo_Run/tuanjieLib/src/main/ets/common/PlayerPrefs.ets:200:76
 Classes cannot be used as objects (arkts-no-classes-as-obj)
[39m[39m
[33mWARN: [33m[33mArkTS:WARN File: /Users/guosj-mac-mini/Documents/github_repos/dash-fire-and-ice/Demo_Run/tuanjieLib/src/main/ets/utils/SoftInputUtils.ets:8:3
 "globalThis" is not supported (arkts-no-globalthis)
[39m[39m
[33mWARN: [33m[33mArkTS:WARN File: /Users/guosj-mac-mini/Documents/github_repos/dash-fire-and-ice/Demo_Run/tuanjieLib/src/main/ets/utils/SoftInputUtils.ets:9:3
 "globalThis" is not supported (arkts-no-globalthis)
[39m[39m
[33mWARN: [33m[33mArkTS:WARN File: /Users/guosj-mac-mini/Documents/github_repos/dash-fire-and-ice/Demo_Run/tuanjieLib/src/main/ets/utils/SoftInputUtils.ets:16:4
 "globalThis" is not supported (arkts-no-globalthis)
[39m[39m
[33mWARN: [33m[33mArkTS:WARN File: /Users/guosj-mac-mini/Documents/github_repos/dash-fire-and-ice/Demo_Run/tuanjieLib/src/main/ets/utils/SystemSettings.ets:39:76
 Classes cannot be used as objects (arkts-no-classes-as-obj)
[39m[39m
[33mWARN: [33m[33mArkTS:WARN File: /Users/guosj-mac-mini/Documents/github_repos/dash-fire-and-ice/Demo_Run/tuanjieLib/src/main/ets/utils/TuanjieInternet.ets:39:76
 Classes cannot be used as objects (arkts-no-classes-as-obj)
[39m[39m
[33mWARN: [33m[33mArkTS:WARN File: /Users/guosj-mac-mini/Documents/github_repos/dash-fire-and-ice/Demo_Run/tuanjieLib/src/main/ets/utils/TuanjieOpenURL.ets:10:36
 "globalThis" is not supported (arkts-no-globalthis)
[39m[39m
[33mWARN: [33m[33mArkTS:WARN File: /Users/guosj-mac-mini/Documents/github_repos/dash-fire-and-ice/Demo_Run/tuanjieLib/src/main/ets/utils/TuanjiePermissions.ets:22:29
 "globalThis" is not supported (arkts-no-globalthis)
[39m[39m
[33mWARN: [33m[33mArkTS:WARN File: /Users/guosj-mac-mini/Documents/github_repos/dash-fire-and-ice/Demo_Run/tuanjieLib/src/main/ets/utils/TuanjiePermissions.ets:117:76
 Classes cannot be used as objects (arkts-no-classes-as-obj)
[39m[39m
[33mWARN: [33m[33mArkTS:WARN File: /Users/guosj-mac-mini/Documents/github_repos/dash-fire-and-ice/Demo_Run/tuanjieLib/src/main/ets/workers/Init.ets:6:20
 Classes cannot be used as objects (arkts-no-classes-as-obj)
[39m[39m
[33mWARN: [33m[33mArkTS:WARN File: /Users/guosj-mac-mini/Documents/github_repos/dash-fire-and-ice/Demo_Run/tuanjieLib/src/main/ets/workers/Init.ets:6:32
 Classes cannot be used as objects (arkts-no-classes-as-obj)
[39m[39m
[33mWARN: [33m[33mArkTS:WARN File: /Users/guosj-mac-mini/Documents/github_repos/dash-fire-and-ice/Demo_Run/tuanjieLib/src/main/ets/ability/TuanjiePlayerAbilityBase.ets:26:7
 "globalThis" is not supported (arkts-no-globalthis)
[39m[39m
[33mWARN: [33m[33mArkTS:WARN File: /Users/guosj-mac-mini/Documents/github_repos/dash-fire-and-ice/Demo_Run/tuanjieLib/src/main/ets/ability/TuanjiePlayerAbilityBase.ets:31:7
 "globalThis" is not supported (arkts-no-globalthis)
[39m[39m
[33mWARN: [33m[33mArkTS:WARN File: /Users/guosj-mac-mini/Documents/github_repos/dash-fire-and-ice/Demo_Run/tuanjieLib/src/main/ets/ability/TuanjiePlayerAbilityBase.ets:36:5
 "globalThis" is not supported (arkts-no-globalthis)
[39m[39m
[33mWARN: [33m[33mArkTS:WARN File: /Users/guosj-mac-mini/Documents/github_repos/dash-fire-and-ice/Demo_Run/tuanjieLib/src/main/ets/utils/GalleryManager.ets:5:32
 Classes cannot be used as objects (arkts-no-classes-as-obj)
[39m[39m
[33mWARN: [33m[33mArkTS:WARN File: /Users/guosj-mac-mini/Documents/github_repos/dash-fire-and-ice/Demo_Run/tuanjieLib/src/main/ets/utils/GalleryManager.ets:13:9
 Usage of 'ESObject' type is restricted (arkts-limited-esobj)
[39m[39m
[33mWARN: [33m[33mArkTS:WARN File: /Users/guosj-mac-mini/Documents/github_repos/dash-fire-and-ice/Demo_Run/tuanjieLib/src/main/ets/utils/GalleryManager.ets:25:9
 Usage of 'ESObject' type is restricted (arkts-limited-esobj)
[39m[39m
[33mWARN: [33m[33mArkTS:WARN File: /Users/guosj-mac-mini/Documents/github_repos/dash-fire-and-ice/Demo_Run/tuanjieLib/src/main/ets/utils/WebviewControl.ets:11:5
 "globalThis" is not supported (arkts-no-globalthis)
[39m[39m
[33mWARN: [33m[33mArkTS:WARN File: /Users/guosj-mac-mini/Documents/github_repos/dash-fire-and-ice/Demo_Run/tuanjieLib/src/main/ets/utils/WebviewControl.ets:116:32
 Classes cannot be used as objects (arkts-no-classes-as-obj)
[39m[39m
[33mWARN: [33m[33mArkTS:WARN: For details about ArkTS syntax errors, see FAQs[39m[39m
[33mWARN: [33m[33mArkTS:WARN File: /Users/guosj-mac-mini/Documents/github_repos/dash-fire-and-ice/Demo_Run/tuanjieLib/src/main/ets/utils/TuanjieNative.ets:1:21
 Currently module for 'libtuanjie.so' is not verified. If you're importing napi, its verification will be enabled in later SDK version. Please make sure the corresponding .d.ts file is provided and the napis are correctly declared.
[39m[39m
[33mWARN: [33m[33mArkTS:WARN File: /Users/guosj-mac-mini/Documents/github_repos/dash-fire-and-ice/Demo_Run/tuanjieLib/src/main/ets/common/PlayerPrefs.ets:21:33
 Function may throw exceptions. Special handling is required.
[39m[39m
[33mWARN: [33m[33mArkTS:WARN File: /Users/guosj-mac-mini/Documents/github_repos/dash-fire-and-ice/Demo_Run/tuanjieLib/src/main/ets/common/PlayerPrefs.ets:22:35
 Function may throw exceptions. Special handling is required.
[39m[39m
[33mWARN: [33m[33mArkTS:WARN File: /Users/guosj-mac-mini/Documents/github_repos/dash-fire-and-ice/Demo_Run/tuanjieLib/src/main/ets/common/PlayerPrefs.ets:23:36
 Function may throw exceptions. Special handling is required.
[39m[39m
[33mWARN: [33m[33mArkTS:WARN File: /Users/guosj-mac-mini/Documents/github_repos/dash-fire-and-ice/Demo_Run/tuanjieLib/src/main/ets/common/PlayerPrefs.ets:27:9
 Function may throw exceptions. Special handling is required.
[39m[39m
[33mWARN: [33m[33mArkTS:WARN File: /Users/guosj-mac-mini/Documents/github_repos/dash-fire-and-ice/Demo_Run/tuanjieLib/src/main/ets/common/PlayerPrefs.ets:31:19
 Function may throw exceptions. Special handling is required.
[39m[39m
[33mWARN: [33m[33mArkTS:WARN File: /Users/guosj-mac-mini/Documents/github_repos/dash-fire-and-ice/Demo_Run/tuanjieLib/src/main/ets/common/PlayerPrefs.ets:38:21
 Function may throw exceptions. Special handling is required.
[39m[39m
[33mWARN: [33m[33mArkTS:WARN File: /Users/guosj-mac-mini/Documents/github_repos/dash-fire-and-ice/Demo_Run/tuanjieLib/src/main/ets/common/PlayerPrefs.ets:45:22
 Function may throw exceptions. Special handling is required.
[39m[39m
[33mWARN: [33m[33mArkTS:WARN File: /Users/guosj-mac-mini/Documents/github_repos/dash-fire-and-ice/Demo_Run/tuanjieLib/src/main/ets/common/PlayerPrefs.ets:55:16
 Function may throw exceptions. Special handling is required.
[39m[39m
[33mWARN: [33m[33mArkTS:WARN File: /Users/guosj-mac-mini/Documents/github_repos/dash-fire-and-ice/Demo_Run/tuanjieLib/src/main/ets/common/PlayerPrefs.ets:56:5
 Function may throw exceptions. Special handling is required.
[39m[39m
[33mWARN: [33m[33mArkTS:WARN File: /Users/guosj-mac-mini/Documents/github_repos/dash-fire-and-ice/Demo_Run/tuanjieLib/src/main/ets/common/PlayerPrefs.ets:62:15
 Function may throw exceptions. Special handling is required.
[39m[39m
[33mWARN: [33m[33mArkTS:WARN File: /Users/guosj-mac-mini/Documents/github_repos/dash-fire-and-ice/Demo_Run/tuanjieLib/src/main/ets/common/PlayerPrefs.ets:93:5
 Function may throw exceptions. Special handling is required.
[39m[39m
[33mWARN: [33m[33mArkTS:WARN File: /Users/guosj-mac-mini/Documents/github_repos/dash-fire-and-ice/Demo_Run/tuanjieLib/src/main/ets/common/PlayerPrefs.ets:94:5
 Function may throw exceptions. Special handling is required.
[39m[39m
[33mWARN: [33m[33mArkTS:WARN File: /Users/guosj-mac-mini/Documents/github_repos/dash-fire-and-ice/Demo_Run/tuanjieLib/src/main/ets/common/PlayerPrefs.ets:95:5
 Function may throw exceptions. Special handling is required.
[39m[39m
[33mWARN: [33m[33mArkTS:WARN File: /Users/guosj-mac-mini/Documents/github_repos/dash-fire-and-ice/Demo_Run/tuanjieLib/src/main/ets/common/PlayerPrefs.ets:97:5
 Function may throw exceptions. Special handling is required.
[39m[39m
[33mWARN: [33m[33mArkTS:WARN File: /Users/guosj-mac-mini/Documents/github_repos/dash-fire-and-ice/Demo_Run/tuanjieLib/src/main/ets/common/PlayerPrefs.ets:102:5
 Function may throw exceptions. Special handling is required.
[39m[39m
[33mWARN: [33m[33mArkTS:WARN File: /Users/guosj-mac-mini/Documents/github_repos/dash-fire-and-ice/Demo_Run/tuanjieLib/src/main/ets/common/PlayerPrefs.ets:103:5
 Function may throw exceptions. Special handling is required.
[39m[39m
[33mWARN: [33m[33mArkTS:WARN File: /Users/guosj-mac-mini/Documents/github_repos/dash-fire-and-ice/Demo_Run/tuanjieLib/src/main/ets/common/PlayerPrefs.ets:108:5
 Function may throw exceptions. Special handling is required.
[39m[39m
[33mWARN: [33m[33mArkTS:WARN File: /Users/guosj-mac-mini/Documents/github_repos/dash-fire-and-ice/Demo_Run/tuanjieLib/src/main/ets/common/PlayerPrefs.ets:109:5
 Function may throw exceptions. Special handling is required.
[39m[39m
[33mWARN: [33m[33mArkTS:WARN File: /Users/guosj-mac-mini/Documents/github_repos/dash-fire-and-ice/Demo_Run/tuanjieLib/src/main/ets/common/PlayerPrefs.ets:114:5
 Function may throw exceptions. Special handling is required.
[39m[39m
[33mWARN: [33m[33mArkTS:WARN File: /Users/guosj-mac-mini/Documents/github_repos/dash-fire-and-ice/Demo_Run/tuanjieLib/src/main/ets/common/PlayerPrefs.ets:115:5
 Function may throw exceptions. Special handling is required.
[39m[39m
[33mWARN: [33m[33mArkTS:WARN File: /Users/guosj-mac-mini/Documents/github_repos/dash-fire-and-ice/Demo_Run/tuanjieLib/src/main/ets/common/PlayerPrefs.ets:154:7
 Function may throw exceptions. Special handling is required.
[39m[39m
[33mWARN: [33m[33mArkTS:WARN File: /Users/guosj-mac-mini/Documents/github_repos/dash-fire-and-ice/Demo_Run/tuanjieLib/src/main/ets/common/PlayerPrefs.ets:155:7
 Function may throw exceptions. Special handling is required.
[39m[39m
[33mWARN: [33m[33mArkTS:WARN File: /Users/guosj-mac-mini/Documents/github_repos/dash-fire-and-ice/Demo_Run/tuanjieLib/src/main/ets/common/PlayerPrefs.ets:159:7
 Function may throw exceptions. Special handling is required.
[39m[39m
[33mWARN: [33m[33mArkTS:WARN File: /Users/guosj-mac-mini/Documents/github_repos/dash-fire-and-ice/Demo_Run/tuanjieLib/src/main/ets/common/PlayerPrefs.ets:160:7
 Function may throw exceptions. Special handling is required.
[39m[39m
[33mWARN: [33m[33mArkTS:WARN File: /Users/guosj-mac-mini/Documents/github_repos/dash-fire-and-ice/Demo_Run/tuanjieLib/src/main/ets/common/PlayerPrefs.ets:164:7
 Function may throw exceptions. Special handling is required.
[39m[39m
[33mWARN: [33m[33mArkTS:WARN File: /Users/guosj-mac-mini/Documents/github_repos/dash-fire-and-ice/Demo_Run/tuanjieLib/src/main/ets/common/PlayerPrefs.ets:165:7
 Function may throw exceptions. Special handling is required.
[39m[39m
[33mWARN: [33m[33mArkTS:WARN File: /Users/guosj-mac-mini/Documents/github_repos/dash-fire-and-ice/Demo_Run/tuanjieLib/src/main/ets/common/PlayerPrefs.ets:180:5
 Function may throw exceptions. Special handling is required.
[39m[39m
[33mWARN: [33m[33mArkTS:WARN File: /Users/guosj-mac-mini/Documents/github_repos/dash-fire-and-ice/Demo_Run/tuanjieLib/src/main/ets/common/PlayerPrefs.ets:183:5
 Function may throw exceptions. Special handling is required.
[39m[39m
[33mWARN: [33m[33mArkTS:WARN File: /Users/guosj-mac-mini/Documents/github_repos/dash-fire-and-ice/Demo_Run/tuanjieLib/src/main/ets/common/PlayerPrefs.ets:186:5
 Function may throw exceptions. Special handling is required.
[39m[39m
[33mWARN: [33m[33mArkTS:WARN File: /Users/guosj-mac-mini/Documents/github_repos/dash-fire-and-ice/Demo_Run/tuanjieLib/src/main/ets/common/PlayerPrefs.ets:190:5
 Function may throw exceptions. Special handling is required.
[39m[39m
[33mWARN: [33m[33mArkTS:WARN File: /Users/guosj-mac-mini/Documents/github_repos/dash-fire-and-ice/Demo_Run/tuanjieLib/src/main/ets/common/PlayerPrefs.ets:191:5
 Function may throw exceptions. Special handling is required.
[39m[39m
[33mWARN: [33m[33mArkTS:WARN File: /Users/guosj-mac-mini/Documents/github_repos/dash-fire-and-ice/Demo_Run/tuanjieLib/src/main/ets/common/PlayerPrefs.ets:192:5
 Function may throw exceptions. Special handling is required.
[39m[39m
[33mWARN: [33m[33mArkTS:WARN File: /Users/guosj-mac-mini/Documents/github_repos/dash-fire-and-ice/Demo_Run/tuanjieLib/src/main/ets/utils/GalleryHandler.ets:101:41
 'packing' has been deprecated.
[39m[39m
[33mWARN: [33m[33mArkTS:WARN File: /Users/guosj-mac-mini/Documents/github_repos/dash-fire-and-ice/Demo_Run/tuanjieLib/src/main/ets/utils/GalleryHandler.ets:115:9
 Function may throw exceptions. Special handling is required.
[39m[39m
[33mWARN: [33m[33mArkTS:WARN File: /Users/guosj-mac-mini/Documents/github_repos/dash-fire-and-ice/Demo_Run/tuanjieLib/src/main/ets/utils/GalleryHandler.ets:118:9
 Function may throw exceptions. Special handling is required.
[39m[39m
[33mWARN: [33m[33mArkTS:WARN File: /Users/guosj-mac-mini/Documents/github_repos/dash-fire-and-ice/Demo_Run/tuanjieLib/src/main/ets/utils/GalleryHandler.ets:128:17
 Function may throw exceptions. Special handling is required.
[39m[39m
[33mWARN: [33m[33mArkTS:WARN File: /Users/guosj-mac-mini/Documents/github_repos/dash-fire-and-ice/Demo_Run/tuanjieLib/src/main/ets/utils/GalleryHandler.ets:141:41
 'packing' has been deprecated.
[39m[39m
[33mWARN: [33m[33mArkTS:WARN File: /Users/guosj-mac-mini/Documents/github_repos/dash-fire-and-ice/Demo_Run/tuanjieLib/src/main/ets/utils/GalleryHandler.ets:143:18
 Function may throw exceptions. Special handling is required.
[39m[39m
[33mWARN: [33m[33mArkTS:WARN File: /Users/guosj-mac-mini/Documents/github_repos/dash-fire-and-ice/Demo_Run/tuanjieLib/src/main/ets/utils/GalleryHandler.ets:144:13
 Function may throw exceptions. Special handling is required.
[39m[39m
[33mWARN: [33m[33mArkTS:WARN File: /Users/guosj-mac-mini/Documents/github_repos/dash-fire-and-ice/Demo_Run/tuanjieLib/src/main/ets/utils/GalleryHandler.ets:147:9
 Function may throw exceptions. Special handling is required.
[39m[39m
[33mWARN: [33m[33mArkTS:WARN File: /Users/guosj-mac-mini/Documents/github_repos/dash-fire-and-ice/Demo_Run/tuanjieLib/src/main/ets/utils/GalleryHandler.ets:150:9
 Function may throw exceptions. Special handling is required.
[39m[39m
[33mWARN: [33m[33mArkTS:WARN File: /Users/guosj-mac-mini/Documents/github_repos/dash-fire-and-ice/Demo_Run/tuanjieLib/src/main/ets/utils/SystemSettings.ets:21:42
 To use this API, you need to apply for the permissions: ohos.permission.ACCESS_BLUETOOTH
[39m[39m
[33mWARN: [33m[33mArkTS:WARN File: /Users/guosj-mac-mini/Documents/github_repos/dash-fire-and-ice/Demo_Run/tuanjieLib/src/main/ets/utils/TuanjieAAID.ets:11:23
 Function may throw exceptions. Special handling is required.
[39m[39m
[33mWARN: [33m[33mArkTS:WARN File: /Users/guosj-mac-mini/Documents/github_repos/dash-fire-and-ice/Demo_Run/tuanjieLib/src/main/ets/utils/TuanjieAAID.ets:14:9
 Function may throw exceptions. Special handling is required.
[39m[39m
[33mWARN: [33m[33mArkTS:WARN File: /Users/guosj-mac-mini/Documents/github_repos/dash-fire-and-ice/Demo_Run/tuanjieLib/src/main/ets/utils/TuanjieAAID.ets:15:14
 Function may throw exceptions. Special handling is required.
[39m[39m
[33mWARN: [33m[33mArkTS:WARN File: /Users/guosj-mac-mini/Documents/github_repos/dash-fire-and-ice/Demo_Run/tuanjieLib/src/main/ets/utils/TuanjieAAID.ets:19:5
 Function may throw exceptions. Special handling is required.
[39m[39m
[33mWARN: [33m[33mArkTS:WARN File: /Users/guosj-mac-mini/Documents/github_repos/dash-fire-and-ice/Demo_Run/tuanjieLib/src/main/ets/utils/TuanjieLocation.ets:22:26
 To use this API, you need to apply for the permissions: ohos.permission.APPROXIMATELY_LOCATION
[39m[39m
[33mWARN: [33m[33mArkTS:WARN File: /Users/guosj-mac-mini/Documents/github_repos/dash-fire-and-ice/Demo_Run/tuanjieLib/src/main/ets/utils/TuanjieLocation.ets:31:26
 To use this API, you need to apply for the permissions: ohos.permission.APPROXIMATELY_LOCATION
[39m[39m
[33mWARN: [33m[33mArkTS:WARN File: /Users/guosj-mac-mini/Documents/github_repos/dash-fire-and-ice/Demo_Run/tuanjieLib/src/main/ets/utils/TuanjieLocation.ets:39:25
 Function may throw exceptions. Special handling is required.
[39m[39m
[33mWARN: [33m[33mArkTS:WARN File: /Users/guosj-mac-mini/Documents/github_repos/dash-fire-and-ice/Demo_Run/tuanjieLib/src/main/ets/utils/TuanjieLocation.ets:44:15
 Function may throw exceptions. Special handling is required.
[39m[39m
[33mWARN: [33m[33mArkTS:WARN File: /Users/guosj-mac-mini/Documents/github_repos/dash-fire-and-ice/Demo_Run/tuanjieLib/src/main/ets/utils/TuanjieLocation.ets:44:34
 To use this API, you need to apply for the permissions: ohos.permission.APPROXIMATELY_LOCATION
[39m[39m
[33mWARN: [33m[33mArkTS:WARN File: /Users/guosj-mac-mini/Documents/github_repos/dash-fire-and-ice/Demo_Run/tuanjieLib/src/main/ets/utils/TuanjieVibrate.ets:8:16
 To use this API, you need to apply for the permissions: ohos.permission.VIBRATE
[39m[39m
[33mWARN: [33m[33mArkTS:WARN File: /Users/guosj-mac-mini/Documents/github_repos/dash-fire-and-ice/Demo_Run/tuanjieLib/src/main/ets/pages/components/TuanjieWebview.ets:18:28
 'px2vp' has been deprecated.
[39m[39m
[33mWARN: [33m[33mArkTS:WARN File: /Users/guosj-mac-mini/Documents/github_repos/dash-fire-and-ice/Demo_Run/tuanjieLib/src/main/ets/pages/components/TuanjieWebview.ets:18:46
 'px2vp' has been deprecated.
[39m[39m
[33mWARN: [33m[33mArkTS:WARN File: /Users/guosj-mac-mini/Documents/github_repos/dash-fire-and-ice/Demo_Run/tuanjieLib/src/main/ets/pages/components/TuanjieWebview.ets:19:20
 'px2vp' has been deprecated.
[39m[39m
[33mWARN: [33m[33mArkTS:WARN File: /Users/guosj-mac-mini/Documents/github_repos/dash-fire-and-ice/Demo_Run/tuanjieLib/src/main/ets/pages/components/TuanjieWebview.ets:20:21
 'px2vp' has been deprecated.
[39m[39m
[33mWARN: [33m[33mArkTS:WARN File: /Users/guosj-mac-mini/Documents/github_repos/dash-fire-and-ice/Demo_Run/tuanjieLib/src/main/ets/utils/WebviewUtils.ets:28:5
 Function may throw exceptions. Special handling is required.
[39m[39m
[33mWARN: [33m[33mArkTS:WARN File: /Users/guosj-mac-mini/Documents/github_repos/dash-fire-and-ice/Demo_Run/tuanjieLib/src/main/ets/utils/WebviewUtils.ets:32:5
 Function may throw exceptions. Special handling is required.
[39m[39m
[33mWARN: [33m[33mArkTS:WARN File: /Users/guosj-mac-mini/Documents/github_repos/dash-fire-and-ice/Demo_Run/tuanjieLib/src/main/ets/utils/WebviewUtils.ets:48:5
 Function may throw exceptions. Special handling is required.
[39m[39m
[33mWARN: [33m[33mArkTS:WARN File: /Users/guosj-mac-mini/Documents/github_repos/dash-fire-and-ice/Demo_Run/tuanjieLib/src/main/ets/utils/WebviewUtils.ets:52:5
 Function may throw exceptions. Special handling is required.
[39m[39m
[33mWARN: [33m[33mArkTS:WARN File: /Users/guosj-mac-mini/Documents/github_repos/dash-fire-and-ice/Demo_Run/tuanjieLib/src/main/ets/utils/WebviewUtils.ets:56:9
 Function may throw exceptions. Special handling is required.
[39m[39m
[33mWARN: [33m[33mArkTS:WARN File: /Users/guosj-mac-mini/Documents/github_repos/dash-fire-and-ice/Demo_Run/tuanjieLib/src/main/ets/utils/WebviewUtils.ets:57:7
 Function may throw exceptions. Special handling is required.
[39m[39m
[33mWARN: [33m[33mArkTS:WARN File: /Users/guosj-mac-mini/Documents/github_repos/dash-fire-and-ice/Demo_Run/tuanjieLib/src/main/ets/utils/WebviewUtils.ets:62:9
 Function may throw exceptions. Special handling is required.
[39m[39m
[33mWARN: [33m[33mArkTS:WARN File: /Users/guosj-mac-mini/Documents/github_repos/dash-fire-and-ice/Demo_Run/tuanjieLib/src/main/ets/utils/WebviewUtils.ets:63:7
 Function may throw exceptions. Special handling is required.
[39m[39m
[33mWARN: [33m[33mArkTS:WARN File: /Users/guosj-mac-mini/Documents/github_repos/dash-fire-and-ice/Demo_Run/tuanjieLib/src/main/ets/utils/WindowUtils.ets:111:12
 Function may throw exceptions. Special handling is required.
[39m[39m
[33mWARN: [33m[33mArkTS:WARN File: /Users/guosj-mac-mini/Documents/github_repos/dash-fire-and-ice/Demo_Run/tuanjieLib/src/main/ets/utils/WindowUtils.ets:172:22
 Function may throw exceptions. Special handling is required.
[39m[39m
[33mWARN: [33m[33mArkTS:WARN File: /Users/guosj-mac-mini/Documents/github_repos/dash-fire-and-ice/Demo_Run/tuanjieLib/src/main/ets/utils/WindowUtils.ets:185:24
 Function may throw exceptions. Special handling is required.
[39m[39m
[33mWARN: [33m[33mArkTS:WARN File: /Users/guosj-mac-mini/Documents/github_repos/dash-fire-and-ice/Demo_Run/tuanjieLib/src/main/ets/utils/WindowUtils.ets:238:5
 Function may throw exceptions. Special handling is required.
[39m[39m
[33mWARN: [33m[33mArkTS:WARN File: /Users/guosj-mac-mini/Documents/github_repos/dash-fire-and-ice/Demo_Run/tuanjieLib/src/main/ets/utils/WindowUtils.ets:262:21
 Function may throw exceptions. Special handling is required.
[39m[39m
[33mWARN: [33m[33mArkTS:WARN File: /Users/guosj-mac-mini/Documents/github_repos/dash-fire-and-ice/Demo_Run/tuanjieLib/src/main/ets/utils/WindowUtils.ets:262:35
 To use this API, you need to apply for the permissions: ohos.permission.READ_PASTEBOARD
[39m[39m
[33mWARN: [33m[33mArkTS:WARN File: /Users/guosj-mac-mini/Documents/github_repos/dash-fire-and-ice/Demo_Run/tuanjieLib/src/main/ets/utils/WindowUtils.ets:288:19
 Function may throw exceptions. Special handling is required.
[39m[39m
[33mWARN: [33m[33mArkTS:WARN File: /Users/guosj-mac-mini/Documents/github_repos/dash-fire-and-ice/Demo_Run/tuanjieLib/src/main/ets/utils/WindowUtils.ets:290:23
 Function may throw exceptions. Special handling is required.
[39m[39m
[33mWARN: [33m[33mArkTS:WARN File: /Users/guosj-mac-mini/Documents/github_repos/dash-fire-and-ice/Demo_Run/tuanjieLib/src/main/ets/utils/WindowUtils.ets:290:37
 To use this API, you need to apply for the permissions: ohos.permission.READ_PASTEBOARD
[39m[39m
[33mWARN: [33m[33mArkTS:WARN File: /Users/guosj-mac-mini/Documents/github_repos/dash-fire-and-ice/Demo_Run/tuanjieLib/src/main/ets/utils/WindowUtils.ets:296:9
 Function may throw exceptions. Special handling is required.
[39m[39m
[33mWARN: [33m[33mArkTS:WARN File: /Users/guosj-mac-mini/Documents/github_repos/dash-fire-and-ice/Demo_Run/tuanjieLib/src/main/ets/utils/WindowUtils.ets:298:7
 Function may throw exceptions. Special handling is required.
[39m[39m
[33mWARN: [33m[33mArkTS:WARN File: /Users/guosj-mac-mini/Documents/github_repos/dash-fire-and-ice/Demo_Run/tuanjieLib/src/main/ets/utils/WindowUtils.ets:301:7
 Function may throw exceptions. Special handling is required.
[39m[39m
[33mWARN: [33m[33mArkTS:WARN File: /Users/guosj-mac-mini/Documents/github_repos/dash-fire-and-ice/Demo_Run/tuanjieLib/src/main/ets/workers/WorkerProxy.ets:66:7
 Function may throw exceptions. Special handling is required.
[39m[39m
[33mWARN: [33m[33mArkTS:WARN File: /Users/guosj-mac-mini/Documents/github_repos/dash-fire-and-ice/Demo_Run/tuanjieLib/src/main/ets/ability/TuanjiePlayerAbilityBase.ets:25:9
 Function may throw exceptions. Special handling is required.
[39m[39m
[33mWARN: [33m[33mArkTS:WARN File: /Users/guosj-mac-mini/Documents/github_repos/dash-fire-and-ice/Demo_Run/tuanjieLib/src/main/ets/ability/TuanjiePlayerAbilityBase.ets:53:23
 Function may throw exceptions. Special handling is required.
[39m[39m
[33mWARN: [33m[33mArkTS:WARN File: /Users/guosj-mac-mini/Documents/github_repos/dash-fire-and-ice/Demo_Run/tuanjieLib/src/main/ets/ability/TuanjiePlayerAbilityBase.ets:58:19
 'setWindowLayoutFullScreen' has been deprecated.
[39m[39m
[33mWARN: [33m[33mArkTS:WARN File: /Users/guosj-mac-mini/Documents/github_repos/dash-fire-and-ice/Demo_Run/tuanjieLib/src/main/ets/ability/TuanjiePlayerAbilityBase.ets:79:5
 Function may throw exceptions. Special handling is required.
[39m[39m
[33mWARN: [33m[33mArkTS:WARN File: /Users/guosj-mac-mini/Documents/github_repos/dash-fire-and-ice/Demo_Run/tuanjieLib/src/main/ets/pages/components/DebuggerDialog.ets:16:7
 Function may throw exceptions. Special handling is required.
[39m[39m
[33mWARN: [33m[33mArkTS:WARN File: /Users/guosj-mac-mini/Documents/github_repos/dash-fire-and-ice/Demo_Run/tuanjieLib/src/main/ets/pages/components/DebuggerDialog.ets:16:20
 'showDialog' has been deprecated.
[39m[39m
[33mWARN: [33m[33mArkTS:WARN File: /Users/guosj-mac-mini/Documents/github_repos/dash-fire-and-ice/Demo_Run/tuanjieLib/src/main/ets/pages/components/TuanjieView.ets:2:21
 Currently module for 'libtuanjie.so' is not verified. If you're importing napi, its verification will be enabled in later SDK version. Please make sure the corresponding .d.ts file is provided and the napis are correctly declared.
[39m[39m
[33mWARN: [33m[33mArkTS:WARN File: /Users/guosj-mac-mini/Documents/github_repos/dash-fire-and-ice/Demo_Run/tuanjieLib/src/main/ets/pages/components/StaticSplashScreen.ets:13:27
 'getContext' has been deprecated.
[39m[39m
[33mWARN: [33m[33mArkTS:WARN File: /Users/guosj-mac-mini/Documents/github_repos/dash-fire-and-ice/Demo_Run/tuanjieLib/src/main/ets/pages/components/StaticSplashScreen.ets:19:27
 Function may throw exceptions. Special handling is required.
[39m[39m
[33mWARN: [33m[33mArkTS:WARN File: /Users/guosj-mac-mini/Documents/github_repos/dash-fire-and-ice/Demo_Run/tuanjieLib/src/main/ets/pages/components/StaticSplashScreen.ets:19:43
 'getNumber' has been deprecated.
[39m[39m
[33mWARN: [33m[33mArkTS:WARN File: /Users/guosj-mac-mini/Documents/github_repos/dash-fire-and-ice/Demo_Run/tuanjieLib/src/main/ets/workers/HostProxy.ets:162:3
 Function may throw exceptions. Special handling is required.
[39m[39m

[2026-01-03T11:14:53.533] [DEBUG] debug-file - Ark compile task finished.finished time is 7519236526257083
[2026-01-03T11:14:53.533] [DEBUG] debug-file - worker[4] has one work done.
[2026-01-03T11:14:53.534] [DEBUG] debug-file - default@CompileArkTS work[5] done.
[2026-01-03T11:14:53.534] [DEBUG] debug-file - A work dispatched to worker[4] failed because unable to get work from ready queue.
[2026-01-03T11:14:53.544] [DEBUG] debug-file - worker[8] has one work done.
[2026-01-03T11:14:53.544] [DEBUG] debug-file - CopyResources is end, endTime: 7519236537202958
[2026-01-03T11:14:53.544] [DEBUG] debug-file - default@CompileArkTS work[6] done.
[2026-01-03T11:14:53.545] [INFO] debug-file - Finished :entry:default@CompileArkTS... after 257 ms 
[2026-01-03T11:14:53.545] [DEBUG] debug-file - Executing task :entry:default@GeneratePkgModuleJson
[2026-01-03T11:14:53.545] [DEBUG] debug-file - File: '/Users/guosj-mac-mini/Documents/github_repos/dash-fire-and-ice/Demo_Run/entry/build/default/intermediates/preload/default/preload.json' from 'preloadSoJsonPath' is not exists, just ignore.
[2026-01-03T11:14:53.545] [DEBUG] debug-file - Error occurs while handling @Input 'shouldDeduplicateHar': The "data" argument must be of type string or an instance of Buffer, TypedArray, or DataView. Received undefined
[2026-01-03T11:14:53.545] [DEBUG] debug-file - Task 'entry:default@GeneratePkgModuleJson' cost while wrapping incremental declarations: 1 ms 
[2026-01-03T11:14:53.545] [DEBUG] debug-file - entry:default@GeneratePkgModuleJson is not up-to-date, since the input file '/Users/guosj-mac-mini/Documents/github_repos/dash-fire-and-ice/Demo_Run/entry/build/default/intermediates/res/default/module.json' has been changed.
[2026-01-03T11:14:53.545] [DEBUG] debug-file - Incremental task entry:default@GeneratePkgModuleJson pre-execution cost: 1 ms .
[2026-01-03T11:14:53.546] [DEBUG] debug-file - entry : default@GeneratePkgModuleJson cost memory 0.19753265380859375
[2026-01-03T11:14:53.546] [DEBUG] debug-file - runTaskFromQueue task cost before running: 488 ms 
[2026-01-03T11:14:53.546] [INFO] debug-file - Finished :entry:default@GeneratePkgModuleJson... after 1 ms 
[2026-01-03T11:14:53.546] [DEBUG] debug-file - Executing task :entry:default@ProcessCompiledResources
[2026-01-03T11:14:53.546] [DEBUG] debug-file - File: '/Users/guosj-mac-mini/Documents/github_repos/dash-fire-and-ice/Demo_Run/entry/build/default/intermediates/preload/default/preload.json' from 'preloadSoJsonPath' is not exists, just ignore.
[2026-01-03T11:14:53.546] [DEBUG] debug-file - Task 'entry:default@ProcessCompiledResources' cost while wrapping incremental declarations: 1 ms 
[2026-01-03T11:14:53.546] [DEBUG] debug-file - entry : default@ProcessCompiledResources cost memory 0.06681060791015625
[2026-01-03T11:14:53.546] [DEBUG] debug-file - runTaskFromQueue task cost before running: 488 ms 
[2026-01-03T11:14:53.546] [INFO] debug-file - Finished :entry:default@ProcessCompiledResources... after 1 ms 
[2026-01-03T11:14:53.547] [DEBUG] debug-file - Executing task :entry:default@PackageHap
[2026-01-03T11:14:53.547] [DEBUG] debug-file - entry:default@PackageHap is not up-to-date, since the input file '/Users/guosj-mac-mini/Documents/github_repos/dash-fire-and-ice/Demo_Run/entry/build/default/intermediates/res/default/module.json' has been changed.
[2026-01-03T11:14:53.547] [DEBUG] debug-file - Incremental task entry:default@PackageHap pre-execution cost: 1 ms .
[2026-01-03T11:14:53.547] [DEBUG] debug-file - Use tool [/Applications/DevEco-Studio.app/Contents/sdk/default/openharmony/toolchains/lib/app_packing_tool.jar]
 [
  'java',
  '-Dfile.encoding=utf-8',
  '-jar',
  '/Applications/DevEco-Studio.app/Contents/sdk/default/openharmony/toolchains/lib/app_packing_tool.jar',
  '--mode',
  'hap',
  '--force',
  'true',
  '--lib-path',
  '/Users/guosj-mac-mini/Documents/github_repos/dash-fire-and-ice/Demo_Run/entry/build/default/intermediates/stripped_native_libs/default',
  '--json-path',
  '/Users/guosj-mac-mini/Documents/github_repos/dash-fire-and-ice/Demo_Run/entry/build/default/intermediates/package/default/module.json',
  '--resources-path',
  '/Users/guosj-mac-mini/Documents/github_repos/dash-fire-and-ice/Demo_Run/entry/build/default/intermediates/res/default/resources',
  '--index-path',
  '/Users/guosj-mac-mini/Documents/github_repos/dash-fire-and-ice/Demo_Run/entry/build/default/intermediates/res/default/resources.index',
  '--pack-info-path',
  '/Users/guosj-mac-mini/Documents/github_repos/dash-fire-and-ice/Demo_Run/entry/build/default/outputs/default/pack.info',
  '--out-path',
  '/Users/guosj-mac-mini/Documents/github_repos/dash-fire-and-ice/Demo_Run/entry/build/default/outputs/default/entry-default-unsigned.hap',
  '--ets-path',
  '/Users/guosj-mac-mini/Documents/github_repos/dash-fire-and-ice/Demo_Run/entry/build/default/intermediates/loader_out/default/ets'
]
[2026-01-03T11:14:53.630] [DEBUG] debug-file - java daemon socket received message:{"code":0,"message":"pack success"}
[2026-01-03T11:14:53.631] [DEBUG] debug-file - entry : default@PackageHap cost memory 0.5276641845703125
[2026-01-03T11:14:53.631] [DEBUG] debug-file - runTaskFromQueue task cost before running: 573 ms 
[2026-01-03T11:14:53.631] [INFO] debug-file - Finished :entry:default@PackageHap... after 85 ms 
[2026-01-03T11:14:53.631] [DEBUG] debug-file - Executing task :entry:default@PackingCheck
[2026-01-03T11:14:53.633] [DEBUG] debug-file - entry : default@PackingCheck cost memory 0.5124664306640625
[2026-01-03T11:14:53.633] [DEBUG] debug-file - runTaskFromQueue task cost before running: 575 ms 
[2026-01-03T11:14:53.633] [INFO] debug-file - Finished :entry:default@PackingCheck... after 2 ms 
[2026-01-03T11:14:53.634] [DEBUG] debug-file - Executing task :entry:default@SignHap
[2026-01-03T11:14:53.634] [DEBUG] debug-file - entry:default@SignHap is not up-to-date, since the input file '/Users/guosj-mac-mini/.ohos/config/default_Demo_Run_xsuwhvR0Z1HX56L2YUJQoZ1IAEeeH4IIGxXJPBK-yxc=.cer' has been changed.
[2026-01-03T11:14:53.634] [DEBUG] debug-file - Incremental task entry:default@SignHap pre-execution cost: 1 ms .
[2026-01-03T11:14:53.640] [DEBUG] debug-file - java daemon socket close code:1000 reason:close by user
[2026-01-03T11:14:53.644] [DEBUG] debug-file - A work dispatched to worker[8] failed because unable to get work from ready queue.
[2026-01-03T11:14:53.871] [DEBUG] debug-file - java daemon socket received message:{"code":0,"message":"verify profile success"}
[2026-01-03T11:14:53.872] [DEBUG] debug-file - java daemon socket close code:1000 reason:close by user
[2026-01-03T11:14:54.159] [DEBUG] debug-file - java daemon socket received message:{"code":0,"message":"sign app success"}
[2026-01-03T11:14:54.159] [DEBUG] debug-file - entry : default@SignHap cost memory 0.5822219848632812
[2026-01-03T11:14:54.159] [DEBUG] debug-file - runTaskFromQueue task cost before running: 1 s 101 ms 
[2026-01-03T11:14:54.159] [INFO] debug-file - Finished :entry:default@SignHap... after 526 ms 
[2026-01-03T11:14:54.160] [DEBUG] debug-file - Executing task :entry:default@CollectDebugSymbol
[2026-01-03T11:14:54.160] [DEBUG] debug-file - entry : default@CollectDebugSymbol cost memory 0.09882354736328125
[2026-01-03T11:14:54.160] [DEBUG] debug-file - runTaskFromQueue task cost before running: 1 s 102 ms 
[2026-01-03T11:14:54.160] [INFO] debug-file - Finished :entry:default@CollectDebugSymbol... after 1 ms 
[2026-01-03T11:14:54.160] [DEBUG] debug-file - Executing task :entry:assembleHap
[2026-01-03T11:14:54.160] [DEBUG] debug-file - entry : assembleHap cost memory 0.014251708984375
[2026-01-03T11:14:54.160] [DEBUG] debug-file - runTaskFromQueue task cost before running: 1 s 102 ms 
[2026-01-03T11:14:54.160] [INFO] debug-file - Finished :entry:assembleHap... after 1 ms 
[2026-01-03T11:14:54.160] [INFO] debug-file - BUILD SUCCESSFUL in 1 s 103 ms 
[2026-01-03T11:14:54.161] [DEBUG] debug-file - Update task entry:default@PreBuild input file:/Users/guosj-mac-mini/Documents/github_repos/dash-fire-and-ice/Demo_Run/AppScope/app.json5 cache by regenerate.
[2026-01-03T11:14:54.161] [DEBUG] debug-file - Update task entry:default@PreBuild input file:/Users/guosj-mac-mini/Documents/github_repos/dash-fire-and-ice/Demo_Run/entry/src/main/module.json5 cache by regenerate.
[2026-01-03T11:14:54.161] [DEBUG] debug-file - Update task entry:default@PreBuild input file:/Users/guosj-mac-mini/Documents/github_repos/dash-fire-and-ice/Demo_Run/build-profile.json5 cache from map.
[2026-01-03T11:14:54.161] [DEBUG] debug-file - Update task entry:default@PreBuild input file:/Users/guosj-mac-mini/Documents/github_repos/dash-fire-and-ice/Demo_Run/entry/build-profile.json5 cache by regenerate.
[2026-01-03T11:14:54.161] [DEBUG] debug-file - Update task entry:default@PreBuild input file:/Users/guosj-mac-mini/Documents/github_repos/dash-fire-and-ice/Demo_Run/entry/src/main/resources/base/profile/main_pages.json cache by regenerate.
[2026-01-03T11:14:54.161] [DEBUG] debug-file - Update task entry:default@PreBuild input file:/Users/guosj-mac-mini/Documents/github_repos/dash-fire-and-ice/Demo_Run/hvigor/hvigor-config.json5 cache by regenerate.
[2026-01-03T11:14:54.161] [DEBUG] debug-file - Update task entry:default@PreBuild input file:/Users/guosj-mac-mini/Documents/github_repos/dash-fire-and-ice/Demo_Run/entry/oh-package.json5 cache by regenerate.
[2026-01-03T11:14:54.161] [DEBUG] debug-file - Update task entry:default@PreBuild input file:/Users/guosj-mac-mini/Documents/github_repos/dash-fire-and-ice/Demo_Run/oh-package.json5 cache by regenerate.
[2026-01-03T11:14:54.161] [DEBUG] debug-file - Incremental task entry:default@PreBuild post-execution cost:1 ms .
[2026-01-03T11:14:54.161] [DEBUG] debug-file - Update task tuanjieLib:default@PreBuild input file:/Users/guosj-mac-mini/Documents/github_repos/dash-fire-and-ice/Demo_Run/AppScope/app.json5 cache by regenerate.
[2026-01-03T11:14:54.161] [DEBUG] debug-file - Update task tuanjieLib:default@PreBuild input file:/Users/guosj-mac-mini/Documents/github_repos/dash-fire-and-ice/Demo_Run/tuanjieLib/src/main/module.json5 cache by regenerate.
[2026-01-03T11:14:54.161] [DEBUG] debug-file - Update task tuanjieLib:default@PreBuild input file:/Users/guosj-mac-mini/Documents/github_repos/dash-fire-and-ice/Demo_Run/build-profile.json5 cache from map.
[2026-01-03T11:14:54.161] [DEBUG] debug-file - Update task tuanjieLib:default@PreBuild input file:/Users/guosj-mac-mini/Documents/github_repos/dash-fire-and-ice/Demo_Run/tuanjieLib/build-profile.json5 cache by regenerate.
[2026-01-03T11:14:54.161] [DEBUG] debug-file - Update task tuanjieLib:default@PreBuild input file:/Users/guosj-mac-mini/Documents/github_repos/dash-fire-and-ice/Demo_Run/tuanjieLib/src/main/ets/workers/TuanjieMainWorker.ets cache by regenerate.
[2026-01-03T11:14:54.161] [DEBUG] debug-file - Update task tuanjieLib:default@PreBuild input file:/Users/guosj-mac-mini/Documents/github_repos/dash-fire-and-ice/Demo_Run/hvigor/hvigor-config.json5 cache by regenerate.
[2026-01-03T11:14:54.161] [DEBUG] debug-file - Update task tuanjieLib:default@PreBuild input file:/Users/guosj-mac-mini/Documents/github_repos/dash-fire-and-ice/Demo_Run/tuanjieLib/oh-package.json5 cache by regenerate.
[2026-01-03T11:14:54.161] [DEBUG] debug-file - Update task tuanjieLib:default@PreBuild input file:/Users/guosj-mac-mini/Documents/github_repos/dash-fire-and-ice/Demo_Run/oh-package.json5 cache by regenerate.
[2026-01-03T11:14:54.161] [DEBUG] debug-file - Incremental task tuanjieLib:default@PreBuild post-execution cost:1 ms .
[2026-01-03T11:14:54.161] [DEBUG] debug-file - Update task entry:default@CreateModuleInfo output file:/Users/guosj-mac-mini/Documents/github_repos/dash-fire-and-ice/Demo_Run/entry/build/default/generated/profile/default/ModuleInfo.ts cache.
[2026-01-03T11:14:54.161] [DEBUG] debug-file - Incremental task entry:default@CreateModuleInfo post-execution cost:1 ms .
[2026-01-03T11:14:54.161] [DEBUG] debug-file - Update task entry:default@GenerateMetadata input file:/Users/guosj-mac-mini/Documents/github_repos/dash-fire-and-ice/Demo_Run/entry/src/main/module.json5 cache by regenerate.
[2026-01-03T11:14:54.161] [DEBUG] debug-file - Update task entry:default@GenerateMetadata output file:/Users/guosj-mac-mini/Documents/github_repos/dash-fire-and-ice/Demo_Run/entry/build/default/intermediates/hap_metadata/default/output_metadata.json cache.
[2026-01-03T11:14:54.161] [DEBUG] debug-file - Incremental task entry:default@GenerateMetadata post-execution cost:1 ms .
[2026-01-03T11:14:54.161] [DEBUG] debug-file - Update task entry:default@GeneratePkgContextInfo output file:/Users/guosj-mac-mini/Documents/github_repos/dash-fire-and-ice/Demo_Run/entry/build/default/intermediates/loader/default/pkgContextInfo.json cache.
[2026-01-03T11:14:54.161] [DEBUG] debug-file - Incremental task entry:default@GeneratePkgContextInfo post-execution cost:1 ms .
[2026-01-03T11:14:54.161] [DEBUG] debug-file - Update task entry:default@ProcessIntegratedHsp output file:/Users/guosj-mac-mini/Documents/github_repos/dash-fire-and-ice/Demo_Run/build/cache/default/integrated_hsp/integratedHspCache.json cache.
[2026-01-03T11:14:54.161] [DEBUG] debug-file - Incremental task entry:default@ProcessIntegratedHsp post-execution cost:1 ms .
[2026-01-03T11:14:54.161] [DEBUG] debug-file - Update task tuanjieLib:default@CreateHarBuildProfile input file:/Users/guosj-mac-mini/Documents/github_repos/dash-fire-and-ice/Demo_Run/AppScope/app.json5 cache by regenerate.
[2026-01-03T11:14:54.162] [DEBUG] debug-file - Update task tuanjieLib:default@CreateHarBuildProfile input file:/Users/guosj-mac-mini/Documents/github_repos/dash-fire-and-ice/Demo_Run/build-profile.json5 cache from map.
[2026-01-03T11:14:54.162] [DEBUG] debug-file - Update task tuanjieLib:default@CreateHarBuildProfile output file:/Users/guosj-mac-mini/Documents/github_repos/dash-fire-and-ice/Demo_Run/tuanjieLib/BuildProfile.ets cache.
[2026-01-03T11:14:54.162] [DEBUG] debug-file - Incremental task tuanjieLib:default@CreateHarBuildProfile post-execution cost:1 ms .
[2026-01-03T11:14:54.162] [DEBUG] debug-file - Update task tuanjieLib:default@MergeProfile input file:/Users/guosj-mac-mini/Documents/github_repos/dash-fire-and-ice/Demo_Run/AppScope/app.json5 cache by regenerate.
[2026-01-03T11:14:54.162] [DEBUG] debug-file - Update task tuanjieLib:default@MergeProfile input file:/Users/guosj-mac-mini/Documents/github_repos/dash-fire-and-ice/Demo_Run/build-profile.json5 cache from map.
[2026-01-03T11:14:54.162] [DEBUG] debug-file - Update task tuanjieLib:default@MergeProfile input file:/Users/guosj-mac-mini/Documents/github_repos/dash-fire-and-ice/Demo_Run/tuanjieLib/src/main/module.json5 cache by regenerate.
[2026-01-03T11:14:54.162] [DEBUG] debug-file - Update task tuanjieLib:default@MergeProfile output file:/Users/guosj-mac-mini/Documents/github_repos/dash-fire-and-ice/Demo_Run/tuanjieLib/build/default/intermediates/merge_profile/default/module.json cache.
[2026-01-03T11:14:54.162] [DEBUG] debug-file - Incremental task tuanjieLib:default@MergeProfile post-execution cost:1 ms .
[2026-01-03T11:14:54.162] [DEBUG] debug-file - Update task entry:default@SyscapTransform input file:/Applications/DevEco-Studio.app/Contents/sdk/default/openharmony/toolchains/syscap_tool cache by regenerate.
[2026-01-03T11:14:54.162] [DEBUG] debug-file - Update task entry:default@SyscapTransform input file:/Applications/DevEco-Studio.app/Contents/sdk/default/openharmony/ets/api/device-define cache by regenerate.
[2026-01-03T11:14:54.162] [DEBUG] debug-file - Update task entry:default@SyscapTransform output file:/Users/guosj-mac-mini/Documents/github_repos/dash-fire-and-ice/Demo_Run/entry/build/default/intermediates/syscap/default/rpcid.sc cache.
[2026-01-03T11:14:54.162] [DEBUG] debug-file - Incremental task entry:default@SyscapTransform post-execution cost:1 ms .
[2026-01-03T11:14:54.162] [DEBUG] debug-file - There is no need to refresh cache, since the incremental task entry:default@ProcessRouterMap is up-to-date.
[2026-01-03T11:14:54.162] [DEBUG] debug-file - There is no need to refresh cache, since the incremental task entry:default@ProcessShareConfig is up-to-date.
[2026-01-03T11:14:54.162] [DEBUG] debug-file - Update task entry:default@ProcessStartupConfig output file:/Users/guosj-mac-mini/Documents/github_repos/dash-fire-and-ice/Demo_Run/entry/build/default/intermediates/startup/default/startup_config.json cache.
[2026-01-03T11:14:54.162] [DEBUG] debug-file - Incremental task entry:default@ProcessStartupConfig post-execution cost:1 ms .
[2026-01-03T11:14:54.162] [DEBUG] debug-file - Update task entry:default@CreateBuildProfile input file:/Users/guosj-mac-mini/Documents/github_repos/dash-fire-and-ice/Demo_Run/AppScope/app.json5 cache by regenerate.
[2026-01-03T11:14:54.162] [DEBUG] debug-file - Update task entry:default@CreateBuildProfile input file:/Users/guosj-mac-mini/Documents/github_repos/dash-fire-and-ice/Demo_Run/build-profile.json5 cache from map.
[2026-01-03T11:14:54.162] [DEBUG] debug-file - Update task entry:default@CreateBuildProfile output file:/Users/guosj-mac-mini/Documents/github_repos/dash-fire-and-ice/Demo_Run/entry/build/default/generated/profile/default/BuildProfile.ets cache.
[2026-01-03T11:14:54.162] [DEBUG] debug-file - Incremental task entry:default@CreateBuildProfile post-execution cost:1 ms .
[2026-01-03T11:14:54.162] [DEBUG] debug-file - Update task entry:default@MergeProfile input file:/Users/guosj-mac-mini/Documents/github_repos/dash-fire-and-ice/Demo_Run/AppScope/app.json5 cache by regenerate.
[2026-01-03T11:14:54.162] [DEBUG] debug-file - Update task entry:default@MergeProfile input file:/Users/guosj-mac-mini/Documents/github_repos/dash-fire-and-ice/Demo_Run/build-profile.json5 cache from map.
[2026-01-03T11:14:54.162] [DEBUG] debug-file - Update task entry:default@MergeProfile input file:/Users/guosj-mac-mini/Documents/github_repos/dash-fire-and-ice/Demo_Run/entry/src/main/module.json5 cache by regenerate.
[2026-01-03T11:14:54.162] [DEBUG] debug-file - Update task entry:default@MergeProfile input file:/Users/guosj-mac-mini/Documents/github_repos/dash-fire-and-ice/Demo_Run/tuanjieLib/build/default/intermediates/merge_profile/default/module.json cache by regenerate.
[2026-01-03T11:14:54.162] [DEBUG] debug-file - Update task entry:default@MergeProfile output file:/Users/guosj-mac-mini/Documents/github_repos/dash-fire-and-ice/Demo_Run/entry/build/default/intermediates/merge_profile/default/module.json cache.
[2026-01-03T11:14:54.162] [DEBUG] debug-file - Incremental task entry:default@MergeProfile post-execution cost:1 ms .
[2026-01-03T11:14:54.162] [DEBUG] debug-file - There is no need to refresh cache, since the incremental task entry:default@GenerateLoaderJson is up-to-date.
[2026-01-03T11:14:54.162] [DEBUG] debug-file - Update task entry:default@MakePackInfo input file:/Users/guosj-mac-mini/Documents/github_repos/dash-fire-and-ice/Demo_Run/AppScope/app.json5 cache by regenerate.
[2026-01-03T11:14:54.162] [DEBUG] debug-file - Update task entry:default@MakePackInfo input file:/Users/guosj-mac-mini/Documents/github_repos/dash-fire-and-ice/Demo_Run/entry/src/main/module.json5 cache by regenerate.
[2026-01-03T11:14:54.162] [DEBUG] debug-file - Update task entry:default@MakePackInfo input file:/Users/guosj-mac-mini/Documents/github_repos/dash-fire-and-ice/Demo_Run/build-profile.json5 cache from map.
[2026-01-03T11:14:54.163] [DEBUG] debug-file - Update task entry:default@MakePackInfo output file:/Users/guosj-mac-mini/Documents/github_repos/dash-fire-and-ice/Demo_Run/entry/build/default/outputs/default/pack.info cache.
[2026-01-03T11:14:54.163] [DEBUG] debug-file - Incremental task entry:default@MakePackInfo post-execution cost:1 ms .
[2026-01-03T11:14:54.163] [DEBUG] debug-file - Update task entry:default@ProcessProfile input file:/Users/guosj-mac-mini/Documents/github_repos/dash-fire-and-ice/Demo_Run/entry/build/default/intermediates/merge_profile/default/module.json cache from map.
[2026-01-03T11:14:54.163] [DEBUG] debug-file - Update task entry:default@ProcessProfile output file:/Users/guosj-mac-mini/Documents/github_repos/dash-fire-and-ice/Demo_Run/entry/build/default/intermediates/process_profile/default/module.json cache.
[2026-01-03T11:14:54.163] [DEBUG] debug-file - Incremental task entry:default@ProcessProfile post-execution cost:1 ms .
[2026-01-03T11:14:54.163] [DEBUG] debug-file - Update task tuanjieLib:default@ProcessLibs input file:/Users/guosj-mac-mini/Documents/github_repos/dash-fire-and-ice/Demo_Run/tuanjieLib/libs cache by regenerate.
[2026-01-03T11:14:54.163] [DEBUG] debug-file - Update task tuanjieLib:default@ProcessLibs input file:/Users/guosj-mac-mini/Documents/github_repos/dash-fire-and-ice/Demo_Run/build-profile.json5 cache from map.
[2026-01-03T11:14:54.163] [DEBUG] debug-file - Update task tuanjieLib:default@ProcessLibs input file:/Users/guosj-mac-mini/Documents/github_repos/dash-fire-and-ice/Demo_Run/tuanjieLib/build-profile.json5 cache by regenerate.
[2026-01-03T11:14:54.163] [DEBUG] debug-file - Update task tuanjieLib:default@ProcessLibs output file:/Users/guosj-mac-mini/Documents/github_repos/dash-fire-and-ice/Demo_Run/tuanjieLib/build/default/intermediates/libs/default cache.
[2026-01-03T11:14:54.163] [DEBUG] debug-file - Incremental task tuanjieLib:default@ProcessLibs post-execution cost:1 ms .
[2026-01-03T11:14:54.163] [DEBUG] debug-file - There is no need to refresh cache, since the incremental task entry:default@ProcessResource is up-to-date.
[2026-01-03T11:14:54.163] [DEBUG] debug-file - There is no need to refresh cache, since the incremental task tuanjieLib:default@DoNativeStrip is up-to-date.
[2026-01-03T11:14:54.163] [DEBUG] debug-file - Update task entry:default@CompileResource input file:/Users/guosj-mac-mini/Documents/github_repos/dash-fire-and-ice/Demo_Run/entry/src/main/resources cache by regenerate.
[2026-01-03T11:14:54.164] [DEBUG] debug-file - Update task entry:default@CompileResource input file:/Users/guosj-mac-mini/Documents/github_repos/dash-fire-and-ice/Demo_Run/tuanjieLib/src/main/resources cache by regenerate.
[2026-01-03T11:14:54.164] [DEBUG] debug-file - Update task entry:default@CompileResource input file:/Users/guosj-mac-mini/Documents/github_repos/dash-fire-and-ice/Demo_Run/AppScope/resources cache by regenerate.
[2026-01-03T11:14:54.164] [DEBUG] debug-file - Update task entry:default@CompileResource input file:/Users/guosj-mac-mini/Documents/github_repos/dash-fire-and-ice/Demo_Run/entry/build/default/intermediates/process_profile/default/module.json cache from map.
[2026-01-03T11:14:54.164] [DEBUG] debug-file - Update task entry:default@CompileResource input file:/Users/guosj-mac-mini/Documents/github_repos/dash-fire-and-ice/Demo_Run/entry/build/default/intermediates/res/default/resConfig.json cache by regenerate.
[2026-01-03T11:14:54.164] [DEBUG] debug-file - Update task entry:default@CompileResource output file:/Users/guosj-mac-mini/Documents/github_repos/dash-fire-and-ice/Demo_Run/entry/build/default/intermediates/res/default cache.
[2026-01-03T11:14:54.165] [DEBUG] debug-file - Update task entry:default@CompileResource output file:/Users/guosj-mac-mini/Documents/github_repos/dash-fire-and-ice/Demo_Run/entry/build/default/generated/r/default/ResourceTable.h cache.
[2026-01-03T11:14:54.165] [DEBUG] debug-file - Update task entry:default@CompileResource output file:/Users/guosj-mac-mini/Documents/github_repos/dash-fire-and-ice/Demo_Run/entry/build/default/generated/r/default cache.
[2026-01-03T11:14:54.165] [DEBUG] debug-file - Incremental task entry:default@CompileResource post-execution cost:2 ms .
[2026-01-03T11:14:54.165] [DEBUG] debug-file - Update task entry:default@CompileArkTS input file:/Users/guosj-mac-mini/Documents/github_repos/dash-fire-and-ice/Demo_Run/entry/build/default/intermediates/loader/default cache by regenerate.
[2026-01-03T11:14:54.165] [DEBUG] debug-file - Update task entry:default@CompileArkTS input file:/Users/guosj-mac-mini/Documents/github_repos/dash-fire-and-ice/Demo_Run/tuanjieLib/exported.ets cache by regenerate.
[2026-01-03T11:14:54.165] [DEBUG] debug-file - Update task entry:default@CompileArkTS input file:/Users/guosj-mac-mini/Documents/github_repos/dash-fire-and-ice/Demo_Run/tuanjieLib/src/main/ets cache by regenerate.
[2026-01-03T11:14:54.166] [DEBUG] debug-file - Update task entry:default@CompileArkTS input file:/Users/guosj-mac-mini/Documents/github_repos/dash-fire-and-ice/Demo_Run/entry/build/default/intermediates/res/default/resources/rawfile cache from map.
[2026-01-03T11:14:54.166] [DEBUG] debug-file - Update task entry:default@CompileArkTS input file:/Users/guosj-mac-mini/Documents/github_repos/dash-fire-and-ice/Demo_Run/entry/build/default/intermediates/res/default/ResourceTable.txt cache by regenerate.
[2026-01-03T11:14:54.166] [DEBUG] debug-file - Update task entry:default@CompileArkTS input file:/Users/guosj-mac-mini/Documents/github_repos/dash-fire-and-ice/Demo_Run/entry/build/default/intermediates/res/default/ark_module.json cache by regenerate.
[2026-01-03T11:14:54.166] [DEBUG] debug-file - Update task entry:default@CompileArkTS input file:/Users/guosj-mac-mini/Documents/github_repos/dash-fire-and-ice/Demo_Run/entry/build/default/intermediates/res/default/resources/base/profile cache by regenerate.
[2026-01-03T11:14:54.166] [DEBUG] debug-file - Update task entry:default@CompileArkTS input file:/Users/guosj-mac-mini/Documents/github_repos/dash-fire-and-ice/Demo_Run/entry/src/main/ets cache by regenerate.
[2026-01-03T11:14:54.166] [DEBUG] debug-file - Update task entry:default@CompileArkTS input file:/Users/guosj-mac-mini/Documents/github_repos/dash-fire-and-ice/Demo_Run/entry/build/default/generated/profile/default/BuildProfile.ets cache by regenerate.
[2026-01-03T11:14:54.166] [DEBUG] debug-file - Update task entry:default@CompileArkTS input file:/Users/guosj-mac-mini/Documents/github_repos/dash-fire-and-ice/Demo_Run/tuanjieLib/BuildProfile.ets cache by regenerate.
[2026-01-03T11:14:54.166] [DEBUG] debug-file - Update task entry:default@CompileArkTS output file:/Users/guosj-mac-mini/Documents/github_repos/dash-fire-and-ice/Demo_Run/entry/build/default/intermediates/loader_out/default/ets cache.
[2026-01-03T11:14:54.166] [DEBUG] debug-file - Incremental task entry:default@CompileArkTS post-execution cost:2 ms .
[2026-01-03T11:14:54.166] [DEBUG] debug-file - Update task entry:default@BuildJS input file:/Users/guosj-mac-mini/Documents/github_repos/dash-fire-and-ice/Demo_Run/entry/build/default/intermediates/loader/default cache by regenerate.
[2026-01-03T11:14:54.166] [DEBUG] debug-file - Update task entry:default@BuildJS input file:/Users/guosj-mac-mini/Documents/github_repos/dash-fire-and-ice/Demo_Run/tuanjieLib/exported.ets cache by regenerate.
[2026-01-03T11:14:54.166] [DEBUG] debug-file - Update task entry:default@BuildJS input file:/Users/guosj-mac-mini/Documents/github_repos/dash-fire-and-ice/Demo_Run/entry/build/default/intermediates/res/default/resources/rawfile cache by regenerate.
[2026-01-03T11:14:54.166] [DEBUG] debug-file - Update task entry:default@BuildJS input file:/Users/guosj-mac-mini/Documents/github_repos/dash-fire-and-ice/Demo_Run/entry/build/default/intermediates/res/default/ResourceTable.txt cache by regenerate.
[2026-01-03T11:14:54.166] [DEBUG] debug-file - Update task entry:default@BuildJS input file:/Users/guosj-mac-mini/Documents/github_repos/dash-fire-and-ice/Demo_Run/entry/build/default/intermediates/res/default/ark_module.json cache by regenerate.
[2026-01-03T11:14:54.166] [DEBUG] debug-file - Update task entry:default@BuildJS input file:/Users/guosj-mac-mini/Documents/github_repos/dash-fire-and-ice/Demo_Run/entry/build/default/intermediates/res/default/resources/base/profile cache by regenerate.
[2026-01-03T11:14:54.166] [DEBUG] debug-file - Update task entry:default@BuildJS output file:/Users/guosj-mac-mini/Documents/github_repos/dash-fire-and-ice/Demo_Run/entry/build/default/intermediates/loader_out/default/js cache.
[2026-01-03T11:14:54.166] [DEBUG] debug-file - Incremental task entry:default@BuildJS post-execution cost:1 ms .
[2026-01-03T11:14:54.166] [DEBUG] debug-file - Update task entry:default@ProcessLibs input file:/Users/guosj-mac-mini/Documents/github_repos/dash-fire-and-ice/Demo_Run/tuanjieLib/build/default/intermediates/libs/default cache by regenerate.
[2026-01-03T11:14:54.166] [DEBUG] debug-file - Update task entry:default@ProcessLibs input file:/Users/guosj-mac-mini/Documents/github_repos/dash-fire-and-ice/Demo_Run/tuanjieLib/libs cache by regenerate.
[2026-01-03T11:14:54.167] [DEBUG] debug-file - Update task entry:default@ProcessLibs input file:/Users/guosj-mac-mini/Documents/github_repos/dash-fire-and-ice/Demo_Run/build-profile.json5 cache from map.
[2026-01-03T11:14:54.167] [DEBUG] debug-file - Update task entry:default@ProcessLibs input file:/Users/guosj-mac-mini/Documents/github_repos/dash-fire-and-ice/Demo_Run/entry/build-profile.json5 cache by regenerate.
[2026-01-03T11:14:54.167] [DEBUG] debug-file - Update task entry:default@ProcessLibs output file:/Users/guosj-mac-mini/Documents/github_repos/dash-fire-and-ice/Demo_Run/entry/build/default/intermediates/libs/default cache.
[2026-01-03T11:14:54.167] [DEBUG] debug-file - Incremental task entry:default@ProcessLibs post-execution cost:1 ms .
[2026-01-03T11:14:54.167] [DEBUG] debug-file - There is no need to refresh cache, since the incremental task entry:default@DoNativeStrip is up-to-date.
[2026-01-03T11:14:54.167] [DEBUG] debug-file - There is no need to refresh cache, since the incremental task entry:default@CacheNativeLibs is up-to-date.
[2026-01-03T11:14:54.167] [DEBUG] debug-file - Update task entry:default@GeneratePkgModuleJson input file:/Users/guosj-mac-mini/Documents/github_repos/dash-fire-and-ice/Demo_Run/entry/build/default/intermediates/res/default/module.json cache from map.
[2026-01-03T11:14:54.167] [DEBUG] debug-file - Update task entry:default@GeneratePkgModuleJson output file:/Users/guosj-mac-mini/Documents/github_repos/dash-fire-and-ice/Demo_Run/entry/build/default/intermediates/package/default/module.json cache.
[2026-01-03T11:14:54.167] [DEBUG] debug-file - Incremental task entry:default@GeneratePkgModuleJson post-execution cost:1 ms .
[2026-01-03T11:14:54.167] [DEBUG] debug-file - Incremental task entry:default@ProcessCompiledResources post-execution cost:1 ms .
[2026-01-03T11:14:54.167] [DEBUG] debug-file - Update task entry:default@PackageHap input file:/Users/guosj-mac-mini/Documents/github_repos/dash-fire-and-ice/Demo_Run/entry/build/default/intermediates/stripped_native_libs/default cache by regenerate.
[2026-01-03T11:14:54.167] [DEBUG] debug-file - Update task entry:default@PackageHap input file:/Users/guosj-mac-mini/Documents/github_repos/dash-fire-and-ice/Demo_Run/entry/build/default/intermediates/res/default/module.json cache from map.
[2026-01-03T11:14:54.167] [DEBUG] debug-file - Update task entry:default@PackageHap input file:/Users/guosj-mac-mini/Documents/github_repos/dash-fire-and-ice/Demo_Run/entry/build/default/intermediates/res/default/resources cache by regenerate.
[2026-01-03T11:14:54.167] [DEBUG] debug-file - Update task entry:default@PackageHap input file:/Users/guosj-mac-mini/Documents/github_repos/dash-fire-and-ice/Demo_Run/entry/build/default/intermediates/res/default/resources.index cache by regenerate.
[2026-01-03T11:14:54.167] [DEBUG] debug-file - Update task entry:default@PackageHap input file:/Users/guosj-mac-mini/Documents/github_repos/dash-fire-and-ice/Demo_Run/entry/build/default/outputs/default/pack.info cache by regenerate.
[2026-01-03T11:14:54.167] [DEBUG] debug-file - Update task entry:default@PackageHap input file:/Users/guosj-mac-mini/Documents/github_repos/dash-fire-and-ice/Demo_Run/entry/build/default/intermediates/loader_out/default/ets cache by regenerate.
[2026-01-03T11:14:54.167] [DEBUG] debug-file - Update task entry:default@PackageHap input file:/Users/guosj-mac-mini/Documents/github_repos/dash-fire-and-ice/Demo_Run/entry/build/default/intermediates/loader_out/default/ets/sourceMaps.map cache by regenerate.
[2026-01-03T11:14:54.167] [DEBUG] debug-file - Update task entry:default@PackageHap input file:/Users/guosj-mac-mini/Documents/github_repos/dash-fire-and-ice/Demo_Run/entry/build/default/generated/profile/default/BuildProfile.ets cache by regenerate.
[2026-01-03T11:14:54.167] [DEBUG] debug-file - Update task entry:default@PackageHap output file:/Users/guosj-mac-mini/Documents/github_repos/dash-fire-and-ice/Demo_Run/entry/build/default/outputs/default/entry-default-unsigned.hap cache.
[2026-01-03T11:14:54.168] [DEBUG] debug-file - Update task entry:default@PackageHap output file:/Users/guosj-mac-mini/Documents/github_repos/dash-fire-and-ice/Demo_Run/entry/build/default/intermediates/source_map/default/sourceMaps.map cache.
[2026-01-03T11:14:54.168] [DEBUG] debug-file - Update task entry:default@PackageHap output file:/Users/guosj-mac-mini/Documents/github_repos/dash-fire-and-ice/Demo_Run/entry/build/default/outputs/default/mapping/sourceMaps.map cache.
[2026-01-03T11:14:54.168] [DEBUG] debug-file - Incremental task entry:default@PackageHap post-execution cost:1 ms .
[2026-01-03T11:14:54.168] [DEBUG] debug-file - Update task entry:default@SignHap input file:/Users/guosj-mac-mini/.ohos/config/default_Demo_Run_xsuwhvR0Z1HX56L2YUJQoZ1IAEeeH4IIGxXJPBK-yxc=.cer cache from map.
[2026-01-03T11:14:54.168] [DEBUG] debug-file - Update task entry:default@SignHap input file:/Users/guosj-mac-mini/.ohos/config/default_Demo_Run_xsuwhvR0Z1HX56L2YUJQoZ1IAEeeH4IIGxXJPBK-yxc=.p7b cache by regenerate.
[2026-01-03T11:14:54.168] [DEBUG] debug-file - Update task entry:default@SignHap input file:/Users/guosj-mac-mini/.ohos/config/default_Demo_Run_xsuwhvR0Z1HX56L2YUJQoZ1IAEeeH4IIGxXJPBK-yxc=.p12 cache by regenerate.
[2026-01-03T11:14:54.168] [DEBUG] debug-file - Update task entry:default@SignHap input file:/Users/guosj-mac-mini/Documents/github_repos/dash-fire-and-ice/Demo_Run/entry/build/default/outputs/default/entry-default-unsigned.hap cache by regenerate.
[2026-01-03T11:14:54.168] [DEBUG] debug-file - Update task entry:default@SignHap output file:/Users/guosj-mac-mini/Documents/github_repos/dash-fire-and-ice/Demo_Run/entry/build/default/outputs/default/entry-default-signed.hap cache.
[2026-01-03T11:14:54.168] [DEBUG] debug-file - Incremental task entry:default@SignHap post-execution cost:1 ms .
[2026-01-03T11:14:54.168] [DEBUG] debug-file - Update task entry:default@CollectDebugSymbol input file:/Users/guosj-mac-mini/Documents/github_repos/dash-fire-and-ice/Demo_Run/entry/build/default/intermediates/loader_out/default/ets/sourceMaps.map cache by regenerate.
[2026-01-03T11:14:54.168] [DEBUG] debug-file - Update task entry:default@CollectDebugSymbol input file:/Users/guosj-mac-mini/Documents/github_repos/dash-fire-and-ice/Demo_Run/entry/build/default/intermediates/libs/default cache by regenerate.
[2026-01-03T11:14:54.168] [DEBUG] debug-file - Update task entry:default@CollectDebugSymbol output file:/Users/guosj-mac-mini/Documents/github_repos/dash-fire-and-ice/Demo_Run/entry/build/default/outputs/default/symbol cache.
[2026-01-03T11:14:54.168] [DEBUG] debug-file - Incremental task entry:default@CollectDebugSymbol post-execution cost:1 ms .
[2026-01-03T11:14:54.173] [DEBUG] debug-file - Cleanup worker 8.
[2026-01-03T11:14:54.173] [DEBUG] debug-file - Worker 8 has been cleaned up.
[2026-01-03T11:14:54.173] [DEBUG] debug-file - Current idle worker size: 1.
[2026-01-03T11:14:54.173] [DEBUG] debug-file - Current resident worker size: 2.
[2026-01-03T11:14:54.173] [DEBUG] debug-file - hvigor build process will be closed.
[2026-01-03T11:14:54.173] [DEBUG] debug-file - java daemon socket close code:1000 reason:close by user
[2026-01-03T11:14:54.176] [DEBUG] debug-file - session manager: send message to worker process.
[2026-01-03T11:14:54.176] [DEBUG] debug-file - session manager: send message to worker process.
[2026-01-03T11:14:54.177] [DEBUG] debug-file - watch worker: worker id should be larger than 0. Nothing will be sent to any worker thread.
[2026-01-03T11:14:54.177] [DEBUG] debug-file - watch worker: worker id should be larger than 0. Nothing will be sent to any worker thread.
[2026-01-03T11:14:54.178] [DEBUG] debug-file - worker[8] exits with exit code 1.
